file,label,confidence
10148A34.jpg,Round,low
00002A02.jpg,Round,high
04934A38.jpg,Round,high
08356A19.jpg,Oval,low
07384A02.jpg,Round,low
07008A66.jpg,Round,high
13096A72.jpg,Oval,low
12420A55.jpg,Square,low
06016A46.jpg,Oval,high
12033A49.jpg,Round,low
12320A54.jpg,Square,low
09230A29.jpg,Square,high
00781A13.jpg,Round,high
13157A74.jpg,Round,low
03730A31.jpg,Oval,high
11469A43.jpg,SKIP,jawline hidden by full beard
00541A09.jpg,Round,high
11694A45.jpg,Oval,low
11541A44.jpg,Round,low
12598A58.jpg,Oval,high
00584A10.jpg,Round,low
05277A40.jpg,Oval,low
00615A11.jpg,SKIP,head rotated off-frontal
05115A39.jpg,Oval,low
09686A31.jpg,Round,high
10344A35.jpg,Oblong,low
09696A31.jpg,Oval,high
02030A25.jpg,Heart,low
08684A24.jpg,Oval,low
11259A41.jpg,Square,high
09297A29.jpg,Round,high
07865A09.jpg,Round,high
07945A11.jpg,Round,low
03684A31.jpg,Round,high
04509A35.jpg,Round,high
09683A31.jpg,SKIP,hand occludes jawline
08492A21.jpg,Oval,low
09054A27.jpg,Oval,high
03861A32.jpg,Round,high
10070A33.jpg,Oval,low
03207A29.jpg,Oval,low
01532A22.jpg,Round,low
10652A36.jpg,Square,high
01583A22.jpg,SKIP,head tilted down and hair occludes contour
08599A23.jpg,Oblong,high
00064A02.jpg,Round,low
08945A27.jpg,Oval,low
04746A37.jpg,Oval,low
05560A42.jpg,Round,low
11722A46.jpg,Square,low
02770A27.jpg,Round,high
02901A28.jpg,Oval,high
09460A30.jpg,Round,high
06123A48.jpg,Oval,high
02917A28.jpg,Round,low
06465A54.jpg,Round,high
11012A39.jpg,Round,low
01101A18.jpg,Oval,low
08712A24.jpg,Square,low
08337A18.jpg,Oval,low
07502A03.jpg,Round,high
03138A29.jpg,Round,low
06716A59.jpg,SKIP,hat occludes forehead and head turned
08033A12.jpg,Oval,low
04206A34.jpg,Oval,high
08953A27.jpg,Round,low
10838A38.jpg,Oval,low
08346A19.jpg,SKIP,head pitched up and turned
03278A29.jpg,Round,low
08656A23.jpg,Oval,low
11243A41.jpg,Oval,high
10706A37.jpg,Oblong,low
06596A56.jpg,Oval,low
00262A05.jpg,Round,low
08775A25.jpg,Oval,low
04435A35.jpg,Round,low
12583A57.jpg,Square,high
09539A30.jpg,Oval,low
02625A27.jpg,Oval,low
04542A35.jpg,Heart,low
01842A24.jpg,Oval,high
10306A34.jpg,Square,low
02891A28.jpg,Oval,low
07701A07.jpg,Round,high
05854A45.jpg,Round,low
12579A57.jpg,Round,low
07617A06.jpg,Round,high
06751A59.jpg,Round,high
09733A32.jpg,Square,high
07424A02.jpg,SKIP,head pitched down
09740A32.jpg,Oval,low
07596A05.jpg,SKIP,head tilted up and turned
03334A29.jpg,Round,low
08239A16.jpg,Oblong,low
03451A30.jpg,Round,low
05627A43.jpg,Heart,low
00025A02.jpg,Round,high
01472A21.jpg,Oval,high
02406A26.jpg,Round,low
12241A53.jpg,SKIP,head rotated and wide grin
10315A34.jpg,Oval,low
01365A20.jpg,Round,low
02582A27.jpg,Heart,low
04854A37.jpg,Round,low
11666A45.jpg,Oblong,low
02318A26.jpg,Heart,high
10373A35.jpg,Round,low
10228A34.jpg,Round,low
11476A43.jpg,Oval,low
10537A36.jpg,Oval,low
09787A32.jpg,Square,high
09165A28.jpg,Oblong,low
10904A38.jpg,Oval,high
10614A36.jpg,Square,low
02867A27.jpg,Oval,high
09316A29.jpg,Square,high
12001A49.jpg,Round,low
03578A31.jpg,Round,low
08249A17.jpg,Round,high
12780A62.jpg,Oval,low
06324A51.jpg,Round,high
11983A49.jpg,Oval,low
03315A29.jpg,Round,low
00073A03.jpg,Round,high
05223A40.jpg,SKIP,wide-open laugh distorts jaw
08578A23.jpg,Oval,low
05107A39.jpg,Oval,low
05837A45.jpg,Square,low
07373A80.jpg,Oblong,low
04738A36.jpg,Oval,high
00804A14.jpg,SKIP,open-mouth laugh distorts jaw
13144A74.jpg,Oblong,low
12130A51.jpg,Square,high
12719A60.jpg,Square,low
04384A34.jpg,Round,low
10038A33.jpg,Oval,high
00038A02.jpg,Round,high
12586A58.jpg,Square,low
07495A03.jpg,Round,high
07250A75.jpg,Round,low
07275A76.jpg,Round,low
09456A30.jpg,Square,low
08258A17.jpg,Oval,high
10901A38.jpg,Oblong,high
05585A42.jpg,Round,high
09244A29.jpg,Oblong,low
06841A61.jpg,Heart,low
04678A36.jpg,Heart,low
01578A22.jpg,SKIP,two faces in crop
10646A36.jpg,Oval,high
09756A32.jpg,Oval,high
02633A27.jpg,Oblong,low
10267A34.jpg,Round,low
05726A44.jpg,Oval,high
01045A17.jpg,Round,high
05870A45.jpg,Oval,high
05159A40.jpg,Oval,high
12621A59.jpg,Square,low
12041A49.jpg,SKIP,wide-open laugh with head tilt
12324A54.jpg,SKIP,head rotated off-frontal
11683A45.jpg,Square,low
01549A22.jpg,Heart,low
02722A27.jpg,Oval,high
08818A25.jpg,Square,low
08328A18.jpg,Square,high
07963A11.jpg,Round,low
10716A37.jpg,Oval,low
11937A48.jpg,Round,low
03775A32.jpg,Round,low
13277A79.jpg,SKIP,head-rotated-mouth-open
03825A32.jpg,Oval,high
08185A15.jpg,Square,low
01904A24.jpg,Heart,high
04777A37.jpg,Oval,high
00223A05.jpg,Round,high
11543A44.jpg,Oval,low
12956A67.jpg,Oblong,low
02294A26.jpg,Heart,low
04169A33.jpg,Oblong,low
10860A38.jpg,Square,low
11625A45.jpg,Square,low
12177A52.jpg,Oblong,low
02173A25.jpg,Round,high
09502A30.jpg,SKIP,head-yaw-off-frontal
01689A23.jpg,Heart,low
11374A42.jpg,Square,low
02408A26.jpg,Round,high
09618A31.jpg,Oblong,low
00991A17.jpg,Oval,low
04804A37.jpg,Oval,low
13141A74.jpg,Oblong,low
07015A66.jpg,Heart,low
08781A25.jpg,Square,low
00517A09.jpg,Round,high
11670A45.jpg,Round,low
09177A28.jpg,Oblong,low
12401A55.jpg,Round,low
11737A46.jpg,Round,low
00246A05.jpg,Round,high
09334A29.jpg,Oval,low
08851A25.jpg,Oval,low
09751A32.jpg,Round,high
08130A14.jpg,Round,low
04095A33.jpg,Oval,high
05856A45.jpg,Oval,low
09991A33.jpg,Oval,high
06044A47.jpg,Round,high
06579A56.jpg,Round,low
07119A69.jpg,SKIP,wide-open laugh distorts jaw
03064A28.jpg,Oval,low
03066A28.jpg,Round,high
09416A29.jpg,Oval,low
00367A07.jpg,Round,high
07842A09.jpg,Round,high
09410A29.jpg,Oblong,high
13107A73.jpg,Square,low
01804A23.jpg,Heart,low
12260A53.jpg,Oval,high
12569A57.jpg,Square,high
02096A25.jpg,Heart,low
04205A34.jpg,Round,high
09159A28.jpg,Round,low
07953A11.jpg,Round,high
09267A29.jpg,Oval,low
00446A08.jpg,Round,high
04146A33.jpg,Round,high
11207A41.jpg,SKIP,head rotated off-frontal
01128A18.jpg,Oval,low
12062A50.jpg,Square,high
12674A59.jpg,Oblong,low
09961A33.jpg,Oval,low
08225A16.jpg,Oval,low
08146A14.jpg,Square,low
01033A17.jpg,Oval,low
09504A30.jpg,Oval,low
03046A28.jpg,Round,high
01019A17.jpg,Round,low
06210A49.jpg,Round,low
12037A49.jpg,Square,low
05097A39.jpg,Oval,low
11329A42.jpg,Square,low
04035A33.jpg,Round,high
10052A33.jpg,Round,high
10413A35.jpg,Oval,low
01749A23.jpg,Oval,low
11402A43.jpg,Square,high
07075A68.jpg,SKIP,wide-open-laugh
10374A35.jpg,Oblong,high
00205A04.jpg,Round,high
09910A32.jpg,Round,low
06546A55.jpg,Oval,high
04593A36.jpg,Oval,low
04099A33.jpg,Oval,high
00656A11.jpg,Round,high
08344A19.jpg,Oblong,high
06551A55.jpg,Round,low
13186A76.jpg,Square,low
06454A54.jpg,Heart,low
11859A47.jpg,Square,low
10152A34.jpg,Oval,high
06273A50.jpg,Oval,low
07133A69.jpg,Oval,low
11011A39.jpg,Oval,high
11035A39.jpg,Square,low
04454A35.jpg,Oval,high
13097A72.jpg,SKIP,extreme-expression
09909A32.jpg,Square,low
06801A60.jpg,Round,low
08089A13.jpg,SKIP,head-rotated
09559A31.jpg,Oblong,low
00922A15.jpg,Heart,low
09934A33.jpg,Square,high
08928A27.jpg,Oblong,low
07486A03.jpg,Round,high
03317A29.jpg,Round,high
04768A37.jpg,Oval,high
13074A71.jpg,Round,low
06795A60.jpg,SKIP,jaw-occluded
02319A26.jpg,Round,high
07433A02.jpg,Round,high
01506A21.jpg,Oval,low
11965A49.jpg,SKIP,wide laugh and hair occlude jaw
08977A27.jpg,Oval,low
04646A36.jpg,Round,high
03308A29.jpg,Oval,low
07137A69.jpg,Square,low
08057A13.jpg,Round,high
10749A37.jpg,Square,low
05077A39.jpg,Round,low
12336A54.jpg,Square,low
10268A34.jpg,Square,low
03444A30.jpg,Oval,high
05831A45.jpg,SKIP,head rotated off-frontal
11285A42.jpg,Round,low
05269A40.jpg,Oval,low
05150A39.jpg,Round,low
10296A34.jpg,Oval,high
11200A41.jpg,Oblong,low
04031A33.jpg,Round,high
03917A32.jpg,Oval,low
00743A13.jpg,SKIP,head rotated off-frontal
12296A54.jpg,Square,low
06053A47.jpg,Oval,low
11197A41.jpg,Oval,low
06275A50.jpg,SKIP,head pitched down
07715A07.jpg,Round,high
11131A40.jpg,Square,low
01604A22.jpg,Heart,low
07746A07.jpg,Round,low
05261A40.jpg,Round,low
03673A31.jpg,Round,low
08435A20.jpg,Oval,high
08143A14.jpg,Round,high
01614A22.jpg,Round,low
01577A22.jpg,Oval,low
00479A09.jpg,Round,high
00232A05.jpg,Round,high
06105A48.jpg,Square,low
12747A61.jpg,Round,low
07849A09.jpg,Round,low
03394A30.jpg,Heart,low
04850A37.jpg,Round,low
11551A44.jpg,Oval,low
03246A29.jpg,Oval,low
13295A79.jpg,SKIP,beard occludes jawline
09566A31.jpg,Oval,high
03907A32.jpg,Round,low
02042A25.jpg,Oval,high
06168A49.jpg,Round,low
11058A40.jpg,Square,low
12418A55.jpg,Oval,low
09127A28.jpg,Oblong,low
03140A29.jpg,Round,high
04870A37.jpg,Oval,low
12176A52.jpg,Square,high
07630A06.jpg,Round,high
10254A34.jpg,Oval,low
03961A32.jpg,Round,low
00333A06.jpg,Round,low
08392A19.jpg,Round,low
13015A69.jpg,Round,low
12774A61.jpg,Oblong,low
09557A31.jpg,Oval,high
00143A03.jpg,SKIP,head rotated
04775A37.jpg,Round,low
09754A32.jpg,Round,high
12431A56.jpg,Heart,low
05752A44.jpg,SKIP,head rotated
07616A06.jpg,Round,high
02840A27.jpg,Oval,low
05007A38.jpg,Oval,high
04053A33.jpg,Oval,low
01011A17.jpg,Round,low
10241A34.jpg,Oblong,low
09479A30.jpg,Round,low
12739A61.jpg,Square,low
05259A40.jpg,Oval,high
01257A19.jpg,Round,low
10303A34.jpg,SKIP,head rotated
04826A37.jpg,Oval,low
12881A64.jpg,Oblong,high
05751A44.jpg,Oval,low
06412A53.jpg,Round,high
06725A59.jpg,Round,low
10001A33.jpg,Oblong,low
12518A57.jpg,Round,low
05232A40.jpg,Heart,low
09922A32.jpg,Oval,low
07598A05.jpg,SKIP,helmet and chinstrap occlude contour
09090A28.jpg,Round,low
06520A55.jpg,Round,high
10959A39.jpg,Oblong,low
05063A39.jpg,Oval,high
11323A42.jpg,Square,low
04718A36.jpg,Round,low
09231A29.jpg,SKIP,hand occludes jaw
02737A27.jpg,Oval,low
07259A75.jpg,SKIP,head pitched off-frontal
09227A29.jpg,Oblong,high
03265A29.jpg,Round,high
07269A76.jpg,Oval,low
06068A47.jpg,Round,low
04684A36.jpg,Round,low
12934A66.jpg,Oblong,low
03420A30.jpg,SKIP,head rotated three-quarter view
12932A66.jpg,SKIP,head rotated and tilted
01477A21.jpg,Oval,high
09638A31.jpg,Oblong,low
01020A17.jpg,Round,high
03547A30.jpg,Round,low
10856A38.jpg,SKIP,microphone occludes chin
12722A60.jpg,Square,low
04451A35.jpg,Oblong,low
04404A35.jpg,Oval,high
02451A26.jpg,Round,high
09634A31.jpg,Square,high
03054A28.jpg,Round,high
08162A15.jpg,Oval,low
00951A16.jpg,Oval,high
08686A24.jpg,Round,low
11971A49.jpg,Oval,low
12602A58.jpg,Round,low
02882A27.jpg,Round,low
10281A34.jpg,Square,low
12349A54.jpg,Oblong,low
04039A33.jpg,Round,high
07857A09.jpg,Round,high
11718A46.jpg,Oblong,high
11282A42.jpg,Round,low
12647A59.jpg,Square,high
12337A54.jpg,Oval,high
00293A06.jpg,Round,low
10815A37.jpg,Round,high
03170A29.jpg,Oval,low
03746A31.jpg,Oval,low
08253A17.jpg,Oval,low
07737A07.jpg,Round,high
09857A32.jpg,Oblong,low
09869A32.jpg,Oval,low
00703A12.jpg,Heart,low
02892A28.jpg,Oval,high
12209A52.jpg,Oblong,low
12221A53.jpg,Square,low
09903A32.jpg,Oblong,low
03838A32.jpg,Oval,high
10847A38.jpg,Round,low
07826A09.jpg,SKIP,head turned and pitched down
11899A48.jpg,Round,high
11075A40.jpg,Oval,low
01918A24.jpg,Heart,low
00172A04.jpg,Heart,low
04054A33.jpg,Oval,high
04960A38.jpg,Square,low
00272A05.jpg,Round,low
10677A37.jpg,Square,low
10350A35.jpg,Round,low
01822A24.jpg,Oval,high
12433A56.jpg,Square,low
05546A42.jpg,Round,low
00933A16.jpg,Oval,low
08739A24.jpg,Oval,high
04143A33.jpg,Round,low
04863A37.jpg,SKIP,head rotated off-frontal
12999A68.jpg,Square,low
00267A05.jpg,Round,high
09187A28.jpg,Oval,low
11407A43.jpg,Square,high
05794A44.jpg,Round,high
13053A70.jpg,SKIP,long beard occludes jawline
11799A47.jpg,Oval,low
07041A67.jpg,Oblong,high
05189A40.jpg,Oval,low
04739A36.jpg,Square,low
05305A41.jpg,Round,high
03074A28.jpg,Oval,low
00156A04.jpg,Heart,low
03575A31.jpg,Oval,high
11367A42.jpg,Square,high
01663A22.jpg,Oval,low
01646A22.jpg,Oval,low
10581A36.jpg,Square,low
02278A26.jpg,Round,low
03865A32.jpg,Oval,low
10637A36.jpg,Oblong,low
03194A29.jpg,Oval,low
10455A35.jpg,Oval,low
06912A63.jpg,Round,high
12297A54.jpg,Square,low
04790A37.jpg,Oval,low
12923A66.jpg,Square,high
00292A06.jpg,Round,high
10216A34.jpg,Round,high
12186A52.jpg,Square,low
06290A50.jpg,Round,low
09799A32.jpg,Heart,low
02090A25.jpg,Round,low
07292A77.jpg,Square,low
12880A64.jpg,Square,low
13268A78.jpg,Oblong,low
08800A25.jpg,Oval,low
04513A35.jpg,Round,high
08543A22.jpg,Square,low
02828A27.jpg,Round,high
01371A20.jpg,Round,low
08055A13.jpg,Round,low
06111A48.jpg,Round,high
02856A27.jpg,Oval,low
11427A43.jpg,Square,high
01550A22.jpg,Heart,low
00689A12.jpg,Oval,low
10823A37.jpg,Square,low
13011A69.jpg,Oblong,low
11228A41.jpg,Square,low
09064A27.jpg,Oval,low
02655A27.jpg,Oval,low
03063A28.jpg,SKIP,open laugh distorts jaw
02037A25.jpg,Oval,low
12133A51.jpg,Oval,low
13155A74.jpg,Oblong,low
12515A57.jpg,Square,high
08877A26.jpg,Oblong,low
08175A15.jpg,Round,high
03625A31.jpg,Round,high
05384A41.jpg,Oval,low
04882A37.jpg,SKIP,head rotated off-frontal
07644A06.jpg,Round,high
03069A28.jpg,SKIP,rotated and open laugh
04297A34.jpg,Heart,low
11919A48.jpg,Oblong,low
10395A35.jpg,Square,low
08193A15.jpg,Oval,low
00561A10.jpg,Round,high
09818A32.jpg,Square,low
12639A59.jpg,Oblong,low
03980A32.jpg,Round,low
11004A39.jpg,SKIP,wide open laugh distorts jaw
01176A19.jpg,Oval,low
04333A34.jpg,Oval,low
09260A29.jpg,Oval,low
08836A25.jpg,Oblong,low
09859A32.jpg,Oval,low
11023A39.jpg,Square,low
11895A48.jpg,Round,low
11083A40.jpg,Square,low
00714A12.jpg,Oval,low
10137A33.jpg,Round,low
07135A69.jpg,Round,high
01157A18.jpg,Heart,low
03213A29.jpg,Round,low
07091A68.jpg,Round,low
04224A34.jpg,Oval,low
12044A50.jpg,Square,low
04265A34.jpg,Round,high
07503A03.jpg,Round,high
06129A48.jpg,Round,low
00405A07.jpg,Oval,low
01683A23.jpg,Oval,low
10601A36.jpg,Square,low
04726A36.jpg,Oval,low
08933A27.jpg,Oblong,high
10290A34.jpg,Round,low
02978A28.jpg,Round,low
02011A24.jpg,Heart,low
03655A31.jpg,Round,low
08634A23.jpg,Oblong,low
02578A27.jpg,Round,low
04273A34.jpg,Round,low
00096A03.jpg,Round,high
11290A42.jpg,Oval,low
07643A06.jpg,Round,high
05953A46.jpg,SKIP,head pitched down
13266A78.jpg,Square,low
09512A30.jpg,Square,low
01043A17.jpg,Oval,low
10383A35.jpg,Square,low
08601A23.jpg,Oval,low
10361A35.jpg,Oblong,low
02043A25.jpg,Oval,low
08548A22.jpg,Round,low
09744A32.jpg,Oval,low
00591A10.jpg,Round,high
03999A33.jpg,Oval,high
09226A29.jpg,Oval,high
00964A16.jpg,Round,high
12274A53.jpg,Square,high
02169A25.jpg,Oval,high
12978A67.jpg,Oval,low
12662A59.jpg,Oblong,low
01046A17.jpg,Round,high
10112A33.jpg,Square,high
01897A24.jpg,Round,high
01987A24.jpg,Oval,high
08078A13.jpg,Oval,low
07108A69.jpg,Round,low
06370A52.jpg,Round,high
01167A18.jpg,Round,high
04226A34.jpg,SKIP,scarf-covers-jawline
09458A30.jpg,Round,low
03593A31.jpg,Oval,high
02990A28.jpg,Round,low
05216A40.jpg,Oval,high
07217A73.jpg,Oval,low
02511A26.jpg,Oval,high
10245A34.jpg,Round,low
08698A24.jpg,Oval,high
11651A45.jpg,Oblong,low
01090A18.jpg,SKIP,head-pitched-up
10937A38.jpg,SKIP,hair-covers-face-sides
02729A27.jpg,Oval,high
00544A10.jpg,Round,low
12686A60.jpg,Oblong,low
12022A49.jpg,Square,high
08688A24.jpg,Square,high
12150A52.jpg,Square,low
04155A33.jpg,Oval,high
01397A21.jpg,Oval,high
11168A41.jpg,Round,low
09471A30.jpg,Oval,high
09323A29.jpg,Oblong,low
09220A29.jpg,Square,high
09905A32.jpg,Oblong,low
00770A13.jpg,Oval,low
09348A29.jpg,Round,low
12088A51.jpg,Square,high
07416A02.jpg,SKIP,head-rotated
07351A79.jpg,Oblong,low
12211A52.jpg,Oval,low
07891A10.jpg,Oval,low
06358A51.jpg,Round,low
08087A13.jpg,SKIP,wide-open-laugh
04575A36.jpg,Oval,high
05397A41.jpg,Round,low
08111A14.jpg,Square,low
00120A03.jpg,SKIP,jaw-occluded-by-arm
07592A05.jpg,Round,high
00348A06.jpg,Round,high
08150A15.jpg,Oval,low
03222A29.jpg,Oval,low
06700A58.jpg,Round,low
01837A24.jpg,Oval,high
10949A39.jpg,Oval,low
11698A45.jpg,Square,high
13191A76.jpg,SKIP,wide-open-laugh
00222A04.jpg,Round,high
10950A39.jpg,Oval,low
05960A46.jpg,Round,low
07659A06.jpg,Heart,low
04069A33.jpg,Oval,low
05382A41.jpg,Oval,high
00102A03.jpg,Round,high
11341A42.jpg,Oblong,low
07068A67.jpg,Oblong,low
01883A24.jpg,Oval,low
10994A39.jpg,Square,low
05932A46.jpg,Square,low
10807A37.jpg,Square,low
03762A31.jpg,Oval,high
10033A33.jpg,Square,low
08289A18.jpg,Oblong,low
03237A29.jpg,Oval,low
11303A42.jpg,Oval,low
04303A34.jpg,Heart,low
09455A30.jpg,Oblong,low
12990A68.jpg,Square,high
11917A48.jpg,Oblong,low
09742A32.jpg,Oval,low
02570A27.jpg,Heart,low
05691A43.jpg,Oval,low
02698A27.jpg,Round,high
11426A43.jpg,Oblong,high
05583A42.jpg,Round,high
04126A33.jpg,Oval,low
05358A41.jpg,Oval,low
03555A30.jpg,Round,low
06609A56.jpg,SKIP,open-mouth laugh and mic occlusion
10138A33.jpg,Square,low
13047A70.jpg,Oval,low
04171A33.jpg,Oval,high
06328A51.jpg,Round,low
04077A33.jpg,Round,low
05848A45.jpg,Round,low
07908A10.jpg,Oval,low
07116A69.jpg,Round,low
12789A62.jpg,Square,high
07509A04.jpg,Round,high
07287A77.jpg,SKIP,hat and hands occlude contour
03793A32.jpg,Oval,low
06011A46.jpg,Oval,low
12819A63.jpg,Oblong,high
10178A34.jpg,Oval,low
05897A45.jpg,Round,high
10566A36.jpg,Oval,low
08140A14.jpg,Oval,low
06028A47.jpg,Oval,low
11581A45.jpg,Round,low
06531A55.jpg,SKIP,extreme open-mouth expression distorts jaw
10094A33.jpg,Oval,high
13057A70.jpg,Oblong,low
07303A77.jpg,Round,high
00700A12.jpg,Oval,low
02232A26.jpg,Oval,low
04432A35.jpg,Oval,high
12243A53.jpg,Round,low
08627A23.jpg,Oblong,low
04064A33.jpg,Round,high
11607A45.jpg,Oval,high
00848A14.jpg,Oval,low
13249A78.jpg,SKIP,open-mouth-laugh-and-headwear
12998A68.jpg,Oblong,low
04403A35.jpg,Oval,low
02814A27.jpg,Oval,high
03439A30.jpg,Oval,high
04862A37.jpg,Oval,high
06552A55.jpg,Round,low
10564A36.jpg,Square,low
10764A37.jpg,Round,low
06296A50.jpg,Oval,low
09351A29.jpg,Oval,low
09805A32.jpg,Square,low
11122A40.jpg,Oblong,high
01237A19.jpg,Round,high
07073A68.jpg,Round,low
08415A20.jpg,Oval,high
09972A33.jpg,Round,low
10255A34.jpg,Square,low
07282A76.jpg,Oval,low
00316A06.jpg,Round,high
09010A27.jpg,Oval,low
04487A35.jpg,Round,low
04773A37.jpg,Oval,high
04495A35.jpg,Round,low
12356A55.jpg,Square,low
12698A60.jpg,Square,high
08469A21.jpg,Oval,high
12917A66.jpg,Oblong,low
07921A11.jpg,Round,high
09496A30.jpg,SKIP,hand-occludes-chin
04993A38.jpg,Oval,low
04828A37.jpg,Round,low
03749A31.jpg,Round,high
00498A09.jpg,Round,high
12509A56.jpg,SKIP,hat occludes forehead and open-mouth expression
06305A50.jpg,Round,high
02355A26.jpg,Round,high
12085A50.jpg,Square,low
03012A28.jpg,Oval,high
07878A09.jpg,Round,low
07919A11.jpg,Round,high
12272A53.jpg,Oval,low
06239A50.jpg,Round,high
02736A27.jpg,Oval,low
05650A43.jpg,Round,high
05800A44.jpg,Round,low
09262A29.jpg,Oval,high
05199A40.jpg,Square,low
11934A48.jpg,Square,high
11296A42.jpg,Square,low
10793A37.jpg,Oblong,low
05640A43.jpg,Oblong,low
12318A54.jpg,SKIP,head rotated and tilted off-frontal
05637A43.jpg,Oval,low
03824A32.jpg,Round,high
05558A42.jpg,Square,low
12549A57.jpg,Oblong,low
01044A17.jpg,Heart,low
06911A63.jpg,Round,high
03094A28.jpg,Oval,low
06997A65.jpg,Heart,low
00039A02.jpg,Round,high
05001A38.jpg,Oblong,low
03009A28.jpg,Oval,high
02139A25.jpg,Heart,low
08498A22.jpg,Oval,low
00304A06.jpg,Round,high
05673A43.jpg,Oval,high
04185A33.jpg,Oval,high
09223A29.jpg,SKIP,head yaw off-frontal
05085A39.jpg,Round,low
03976A32.jpg,Oval,high
06790A60.jpg,Round,high
11045A39.jpg,Square,low
04535A35.jpg,Heart,low
01813A23.jpg,Round,high
05581A42.jpg,Oval,low
12153A52.jpg,Oblong,low
00208A04.jpg,Round,high
08412A20.jpg,Oval,low
03626A31.jpg,Round,high
08455A20.jpg,Oval,low
06349A51.jpg,Round,low
08495A22.jpg,Oval,low
07512A04.jpg,SKIP,wide-open-laugh distorts jaw
05669A43.jpg,Oval,low
12637A59.jpg,Square,low
02584A27.jpg,Oval,low
04642A36.jpg,Oval,low
05155A39.jpg,Round,high
07150A70.jpg,Square,low
06881A62.jpg,Heart,low
07847A09.jpg,Round,high
09055A27.jpg,Round,low
10523A36.jpg,Round,low
03019A28.jpg,Oval,low
08903A26.jpg,Oval,high
11432A43.jpg,Oblong,high
05619A43.jpg,Oval,low
00047A02.jpg,Round,high
01621A22.jpg,Oval,low
09808A32.jpg,Square,low
01263A20.jpg,Oval,low
13304A80.jpg,Oblong,low
07405A02.jpg,Round,low
10047A33.jpg,Square,high
00935A16.jpg,Round,high
02732A27.jpg,Round,low
09476A30.jpg,Round,high
01914A24.jpg,Oval,high
07952A11.jpg,Round,low
06533A55.jpg,Round,low
06362A52.jpg,Round,high
01564A22.jpg,Round,high
02644A27.jpg,Oval,low
10969A39.jpg,Square,high
11806A47.jpg,Round,low
04331A34.jpg,Heart,low
05943A46.jpg,Heart,low
08160A15.jpg,Oval,low
10248A34.jpg,Round,high
08355A19.jpg,Oval,low
01360A20.jpg,Oval,low
08882A26.jpg,Oblong,low
00349A06.jpg,Round,high
07420A02.jpg,Round,high
11377A42.jpg,Square,high
01810A23.jpg,Heart,low
13251A78.jpg,SKIP,wide-open laugh distorts jaw
12478A56.jpg,Round,low
12372A55.jpg,Oval,high
09362A29.jpg,Oval,low
01466A21.jpg,Oval,low
04847A37.jpg,SKIP,blurry overexposed
11016A39.jpg,Round,high
12925A66.jpg,Square,low
05496A42.jpg,Oval,low
11320A42.jpg,Square,low
01228A19.jpg,Oval,high
09484A30.jpg,Oblong,low
10520A36.jpg,Round,high
06851A61.jpg,Round,high
08950A27.jpg,Square,low
09647A31.jpg,SKIP,full beard occludes jawline
09610A31.jpg,Oval,low
11266A41.jpg,Oval,high
05948A46.jpg,Oblong,low
12835A63.jpg,Square,low
01296A20.jpg,Oval,high
07239A74.jpg,Oval,low
05682A43.jpg,Oval,low
10478A36.jpg,SKIP,head rotated three-quarter view
00410A08.jpg,Round,high
12931A66.jpg,Square,low
03023A28.jpg,Round,high
04514A35.jpg,Round,high
02133A25.jpg,Oval,high
05819A45.jpg,Round,high
06913A63.jpg,Round,low
08126A14.jpg,Oval,low
10692A37.jpg,Oval,high
05512A42.jpg,Round,low
11497A44.jpg,Round,low
01828A24.jpg,Oval,low
08477A21.jpg,Round,low
07367A80.jpg,Square,low
12451A56.jpg,Square,high
11468A43.jpg,SKIP,head rotated
03799A32.jpg,Round,low
07886A10.jpg,Oval,low
04901A38.jpg,Oval,high
10019A33.jpg,Oblong,low
09145A28.jpg,Round,high
07145A69.jpg,Oval,low
06729A59.jpg,Round,high
05617A43.jpg,Round,high
07470A03.jpg,Round,high
07542A04.jpg,Round,low
00489A09.jpg,Oval,low
11783A47.jpg,Round,low
04002A33.jpg,Oval,high
12410A55.jpg,Round,high
03587A31.jpg,Heart,low
08398A19.jpg,Oval,low
03041A28.jpg,Round,high
04125A33.jpg,Oval,low
02741A27.jpg,Round,low
11455A43.jpg,Oval,high
07923A11.jpg,Oval,high
03035A28.jpg,Oval,low
07705A07.jpg,Round,low
03867A32.jpg,Round,high
06145A48.jpg,Round,high
09583A31.jpg,Round,high
10931A38.jpg,Square,low
07220A73.jpg,Round,low
04893A37.jpg,Heart,low
11786A47.jpg,Oblong,low
07862A09.jpg,Round,low
10365A35.jpg,Oval,low
11325A42.jpg,Oval,low
00416A08.jpg,Round,high
12711A60.jpg,Oval,low
04180A33.jpg,Oval,high
03726A31.jpg,Round,low
01775A23.jpg,Heart,low
06035A47.jpg,Oval,low
12656A59.jpg,Round,high
00686A12.jpg,Round,high
01221A19.jpg,Heart,low
13209A76.jpg,Oblong,low
05879A45.jpg,Oval,low
05700A43.jpg,Oval,low
08299A18.jpg,Oval,low
03494A30.jpg,Round,high
11461A43.jpg,Round,low
05030A39.jpg,Round,low
11848A47.jpg,Oblong,low
09849A32.jpg,Oblong,low
10111A33.jpg,Oval,low
12096A51.jpg,Round,low
02963A28.jpg,Oval,high
07184A71.jpg,Round,high
07791A08.jpg,Oval,low
13093A72.jpg,Square,low
00786A13.jpg,Oval,low
08612A23.jpg,Oval,low
07462A02.jpg,Round,high
03373A29.jpg,Heart,low
07120A69.jpg,Round,low
08808A25.jpg,Oval,low
05878A45.jpg,Round,high
12667A59.jpg,Round,low
12364A55.jpg,Square,low
10186A34.jpg,Oval,low
02960A28.jpg,Oval,high
01041A17.jpg,Round,high
02271A26.jpg,Oval,low
04252A34.jpg,Round,low
11099A40.jpg,Oval,high
00317A06.jpg,Round,high
09528A30.jpg,Round,low
07069A67.jpg,Oval,low
09558A31.jpg,Oval,low
04696A36.jpg,Round,low
05945A46.jpg,Heart,low
05228A40.jpg,Heart,low
09908A32.jpg,Oval,high
02697A27.jpg,Round,low
08248A17.jpg,Oblong,low
11904A48.jpg,Square,low
09572A31.jpg,Round,low
08993A27.jpg,Oblong,low
09875A32.jpg,Square,low
08680A24.jpg,Oblong,low
11161A41.jpg,SKIP,hair occludes jaw and wide laugh
02012A24.jpg,Oval,low
01592A22.jpg,Heart,low
09829A32.jpg,Round,high
00634A11.jpg,Round,low
08153A15.jpg,Square,low
04033A33.jpg,Oval,low
00185A04.jpg,Round,high
02811A27.jpg,Round,low
12566A57.jpg,Square,high
10161A34.jpg,Round,low
08798A25.jpg,Square,low
13290A79.jpg,Oblong,high
08503A22.jpg,Square,low
07807A08.jpg,Round,high
06376A52.jpg,Oval,low
07856A09.jpg,SKIP,open mouth and blurry
09582A31.jpg,Square,low
11912A48.jpg,Oblong,low
01361A20.jpg,Oval,low
08707A24.jpg,Round,high
04444A35.jpg,Heart,low
08539A22.jpg,Oval,low
12366A55.jpg,Square,low
09662A31.jpg,Square,low
04264A34.jpg,Oval,low
01389A21.jpg,Round,high
04269A34.jpg,SKIP,head pitched down
10141A33.jpg,Square,low
02112A25.jpg,Oval,low
06441A53.jpg,Oval,low
02351A26.jpg,Oval,low
02589A27.jpg,Round,high
05961A46.jpg,Round,low
05534A42.jpg,Round,low
07924A11.jpg,Round,high
08565A22.jpg,Oval,low
11068A40.jpg,Square,low
06136A48.jpg,Oval,low
02343A26.jpg,Round,low
04552A35.jpg,Heart,low
03355A29.jpg,Oval,low
13049A70.jpg,Square,low
08816A25.jpg,Round,low
05062A39.jpg,Round,low
06658A57.jpg,Oblong,low
09391A29.jpg,Oblong,high
07457A02.jpg,Round,high
06878A62.jpg,Round,low
04008A33.jpg,Round,low
11060A40.jpg,Square,low
03227A29.jpg,Oval,high
08550A22.jpg,Round,low
03616A31.jpg,Oval,low
03408A30.jpg,Round,low
10172A34.jpg,Round,low
07605A05.jpg,Round,high
05639A43.jpg,Round,high
09605A31.jpg,Oval,high
04866A37.jpg,Oval,low
10058A33.jpg,Round,low
09994A33.jpg,Oval,low
10690A37.jpg,Oblong,low
05446A41.jpg,Round,low
07095A68.jpg,Oblong,low
07597A05.jpg,Round,high
05772A44.jpg,SKIP,head turned off-frontal
07817A08.jpg,Round,high
05292A40.jpg,Oval,low
04368A34.jpg,Oval,high
11611A45.jpg,Oblong,low
13069A71.jpg,Round,high
03211A29.jpg,Oval,high
04244A34.jpg,Round,low
04805A37.jpg,Oval,low
03672A31.jpg,Oval,low
01973A24.jpg,Round,low
11134A40.jpg,Square,low
09901A32.jpg,Square,low
07654A06.jpg,Oval,low
05296A40.jpg,Round,low
13173A75.jpg,SKIP,laughing expression and dark
12084A50.jpg,SKIP,mouth wide open
00901A15.jpg,Round,low
09442A30.jpg,Round,low
04810A37.jpg,Oval,low
09977A33.jpg,Oblong,low
08182A15.jpg,Oval,low
11215A41.jpg,Oval,low
08149A15.jpg,Oblong,low
04949A38.jpg,Round,low
09943A33.jpg,Oblong,low
04308A34.jpg,Heart,low
00015A02.jpg,Round,high
06752A59.jpg,Round,low
08774A25.jpg,Oblong,low
00003A02.jpg,Round,high
09706A31.jpg,Oval,low
06726A59.jpg,Square,low
02415A26.jpg,Oval,high
06124A48.jpg,Round,low
05888A45.jpg,Oval,low
01261A20.jpg,Oblong,low
06345A51.jpg,Round,high
00605A10.jpg,Round,high
04343A34.jpg,SKIP,wide-laugh-and-blur
01541A22.jpg,Oval,low
09291A29.jpg,Round,high
05370A41.jpg,Oval,high
07480A03.jpg,Round,high
01825A24.jpg,Oval,low
10629A36.jpg,Round,low
03806A32.jpg,Oval,low
00726A13.jpg,Round,low
13102A73.jpg,Square,low
07169A70.jpg,SKIP,head-rotated
00242A05.jpg,Round,high
12216A52.jpg,Square,high
04697A36.jpg,Round,low
12465A56.jpg,Square,high
02464A26.jpg,Oval,low
02521A26.jpg,Oval,low
01820A23.jpg,Oblong,low
01106A18.jpg,Oval,high
12921A66.jpg,SKIP,head-pitched-down
13001A68.jpg,Square,low
02518A26.jpg,Heart,low
01236A19.jpg,Round,low
00834A14.jpg,Oval,low
10761A37.jpg,Oval,high
10590A36.jpg,Round,low
08373A19.jpg,Oblong,low
09224A29.jpg,Square,low
12590A58.jpg,Square,high
00734A13.jpg,Oval,high
01942A24.jpg,SKIP,overexposed-contour-hidden
11393A43.jpg,Square,low
00111A03.jpg,Round,high
12815A63.jpg,Square,high
00206A04.jpg,Round,high
00741A13.jpg,Round,high
10615A36.jpg,Round,low
10623A36.jpg,Oval,low
00466A08.jpg,Round,high
05156A39.jpg,Oval,high
03133A28.jpg,Round,low
13117A73.jpg,SKIP,jaw occluded by long beard
11306A42.jpg,Square,high
00488A09.jpg,SKIP,head yaw off-frontal
04641A36.jpg,Round,high
09847A32.jpg,Oval,low
01544A22.jpg,Heart,low
12580A57.jpg,SKIP,extreme open-mouth expression
04179A33.jpg,Oval,high
08941A27.jpg,Oval,high
10207A34.jpg,Oval,low
12113A51.jpg,Round,low
00853A14.jpg,Oval,low
01581A22.jpg,Oval,low
06837A61.jpg,Oblong,low
03254A29.jpg,Oval,high
00168A04.jpg,Round,high
07552A04.jpg,Round,high
04424A35.jpg,Round,low
09612A31.jpg,Round,low
08287A17.jpg,Heart,low
09407A29.jpg,Oblong,high
10908A38.jpg,Oval,low
02089A25.jpg,Round,low
07343A79.jpg,Round,low
05813A44.jpg,Round,high
10977A39.jpg,Square,high
02727A27.jpg,Round,low
08148A15.jpg,Oval,low
06783A60.jpg,Square,low
10675A37.jpg,Oval,low
10203A34.jpg,Oval,low
00455A08.jpg,Round,low
12986A68.jpg,Oblong,high
09657A31.jpg,Round,high
00308A06.jpg,Heart,low
12306A54.jpg,Oval,low
12882A64.jpg,SKIP,thick beard occludes jawline
04472A35.jpg,Round,high
04585A36.jpg,Heart,low
07079A68.jpg,SKIP,hand and food occlude jaw
02354A26.jpg,Oval,low
10974A39.jpg,Oval,low
09457A30.jpg,Round,high
00084A03.jpg,Round,low
12715A60.jpg,Round,low
07803A08.jpg,Oval,low
02353A26.jpg,Oval,low
06232A49.jpg,SKIP,phone occlusion and extreme expression
03208A29.jpg,Oval,low
04945A38.jpg,Oval,low
04650A36.jpg,Oval,low
06331A51.jpg,Heart,low
04919A38.jpg,Oval,high
13252A78.jpg,Oblong,low
08553A22.jpg,Square,low
13175A75.jpg,Oblong,low
00203A04.jpg,Round,high
09111A28.jpg,Square,low
02646A27.jpg,SKIP,head rotated and image degraded
00140A03.jpg,Round,high
01032A17.jpg,Oval,high
06310A51.jpg,Round,high
10638A36.jpg,Oblong,low
05658A43.jpg,Round,high
12574A57.jpg,Oval,low
04286A34.jpg,Oval,low
10275A34.jpg,Square,low
09076A28.jpg,Oval,low
05044A39.jpg,Round,high
12911A66.jpg,Oblong,low
09958A33.jpg,Round,high
06253A50.jpg,Oval,high
08021A12.jpg,Oval,low
13296A80.jpg,SKIP,beard occludes jawline
08441A20.jpg,Oval,low
06490A54.jpg,Oval,low
08079A13.jpg,Round,low
08474A21.jpg,Oval,low
12775A61.jpg,Oval,low
12735A61.jpg,Square,high
11459A43.jpg,Oblong,low
11188A41.jpg,Round,high
11695A45.jpg,Oblong,low
05887A45.jpg,Heart,low
01449A21.jpg,Oval,high
08937A27.jpg,Oblong,high
07412A02.jpg,Round,high
05787A44.jpg,Round,low
10036A33.jpg,Oblong,high
10067A33.jpg,Square,high
01654A22.jpg,Round,high
04770A37.jpg,Oval,low
06396A52.jpg,Round,high
08883A26.jpg,Oval,low
06075A47.jpg,SKIP,hand occludes jaw
12800A62.jpg,SKIP,head pitched down
12259A53.jpg,Oval,low
04193A33.jpg,Oval,high
13313A80.jpg,Oblong,low
09161A28.jpg,Round,high
05467A42.jpg,Oval,low
01976A24.jpg,Oval,low
06697A58.jpg,Round,high
08016A12.jpg,Round,high
08529A22.jpg,Oval,low
04853A37.jpg,Oval,low
13017A69.jpg,Round,low
06796A60.jpg,Round,high
13260A78.jpg,Oblong,low
10062A33.jpg,Round,high
00104A03.jpg,SKIP,hood occludes contour
00230A05.jpg,Round,high
00473A09.jpg,Round,high
12644A59.jpg,Oblong,low
07957A11.jpg,Round,high
04440A35.jpg,Oval,low
11117A40.jpg,Oblong,low
01024A17.jpg,SKIP,head-pitched-down
04695A36.jpg,Oval,high
01655A22.jpg,Oval,low
05740A44.jpg,Round,low
05958A46.jpg,Round,high
07554A04.jpg,Round,high
08059A13.jpg,Oval,low
11528A44.jpg,Square,high
13178A75.jpg,SKIP,mic-occludes-chin
10522A36.jpg,Oblong,low
07827A09.jpg,Round,high
08947A27.jpg,Oval,low
07254A75.jpg,Round,high
09209A28.jpg,Round,high
00957A16.jpg,Oval,low
06936A64.jpg,Oval,low
10246A34.jpg,Oval,high
07938A11.jpg,Round,low
03994A32.jpg,Round,low
07345A79.jpg,Round,low
12469A56.jpg,Round,low
10694A37.jpg,Square,low
09106A28.jpg,Square,high
11773A47.jpg,Square,high
02752A27.jpg,Round,high
13094A72.jpg,Square,low
10209A34.jpg,Oblong,high
08919A26.jpg,Oblong,low
01322A20.jpg,Heart,low
09141A28.jpg,Square,low
03297A29.jpg,Round,high
04488A35.jpg,Heart,low
02457A26.jpg,Oval,low
00068A02.jpg,Round,high
12927A66.jpg,Square,low
11638A45.jpg,Round,high
10402A35.jpg,Oval,high
05641A43.jpg,Oval,low
07559A04.jpg,Round,low
12121A51.jpg,Square,low
10381A35.jpg,Round,high
04382A34.jpg,Round,high
08790A25.jpg,Oval,high
06214A49.jpg,Round,high
01117A18.jpg,Oval,high
00066A02.jpg,Round,high
07404A02.jpg,Round,high
06616A56.jpg,Oval,low
04543A35.jpg,Heart,low
01260A20.jpg,Round,low
01341A20.jpg,Oval,low
02665A27.jpg,Oval,low
06209A49.jpg,Round,low
10465A35.jpg,Oval,high
10859A38.jpg,Square,low
08176A15.jpg,Oval,low
11111A40.jpg,Round,low
07700A07.jpg,Round,low
09556A31.jpg,Oval,high
03615A31.jpg,Round,high
03680A31.jpg,Oval,low
07650A06.jpg,Round,high
10135A33.jpg,Round,low
13118A73.jpg,Oblong,low
02183A25.jpg,Heart,low
00018A02.jpg,Round,high
03255A29.jpg,Oval,low
00858A14.jpg,Oval,low
11508A44.jpg,Square,low
04166A33.jpg,Oval,low
06248A50.jpg,Round,high
05279A40.jpg,Oval,high
12362A55.jpg,Oblong,low
04190A33.jpg,Oval,low
07102A68.jpg,Round,low
01657A22.jpg,Round,high
01395A21.jpg,Heart,low
04557A35.jpg,Round,high
08204A16.jpg,Oval,low
07836A09.jpg,Round,low
08556A22.jpg,Oval,low
00024A02.jpg,Round,high
11796A47.jpg,Square,low
05391A41.jpg,Round,low
05095A39.jpg,Oval,high
04389A35.jpg,Oval,high
03195A29.jpg,SKIP,dark image and hand occludes jaw
06559A56.jpg,Round,low
04483A35.jpg,Oval,low
06715A59.jpg,Round,high
07768A08.jpg,Round,low
00451A08.jpg,Round,high
09890A32.jpg,Oval,high
08094A13.jpg,Round,low
12556A57.jpg,Square,low
01436A21.jpg,Oval,low
07834A09.jpg,Round,low
07690A06.jpg,Round,low
00075A03.jpg,Round,low
07790A08.jpg,Oblong,low
07530A04.jpg,Round,high
02238A26.jpg,Oval,low
06635A57.jpg,Round,low
07899A10.jpg,Round,high
09838A32.jpg,Round,low
02391A26.jpg,Round,low
12563A57.jpg,SKIP,wide open laugh distorts jaw
13018A69.jpg,Oblong,low
12860A63.jpg,Oblong,low
11787A47.jpg,Square,low
11682A45.jpg,Round,low
13174A75.jpg,Square,low
12490A56.jpg,Square,low
06935A64.jpg,SKIP,head rotated off-frontal
05716A43.jpg,Oval,low
01318A20.jpg,Round,low
01543A22.jpg,Oval,low
02157A25.jpg,Round,low
06883A62.jpg,Heart,low
11322A42.jpg,Round,low
02151A25.jpg,Round,low
08041A13.jpg,Oval,low
04748A37.jpg,Oval,low
13130A73.jpg,SKIP,head rotated and mic occlusion
07394A02.jpg,Round,high
04942A38.jpg,Oval,low
01617A22.jpg,Oval,low
09651A31.jpg,Round,high
05843A45.jpg,Round,low
12845A63.jpg,Square,low
10999A39.jpg,Round,low
03188A29.jpg,Oval,low
11308A42.jpg,SKIP,head rotated and tilted down
03436A30.jpg,Round,low
02605A27.jpg,Oval,low
12907A65.jpg,Square,high
09599A31.jpg,SKIP,head rotated off-frontal
08413A20.jpg,Oblong,low
09319A29.jpg,Square,low
03406A30.jpg,Heart,low
11053A40.jpg,Oblong,low
08364A19.jpg,Round,high
13129A73.jpg,Oblong,low
10486A36.jpg,Square,low
04969A38.jpg,Round,low
12605A58.jpg,Round,low
00701A12.jpg,Round,high
06138A48.jpg,Round,low
07537A04.jpg,Round,high
07841A09.jpg,SKIP,microphone occludes jaw and chin
12742A61.jpg,Round,low
01734A23.jpg,Round,high
10721A37.jpg,Oval,low
12011A49.jpg,Oblong,low
07298A77.jpg,Round,low
07077A68.jpg,SKIP,head pitched down and turned
10731A37.jpg,Square,low
11914A48.jpg,Square,low
04337A34.jpg,Oval,low
00300A06.jpg,Round,high
00182A04.jpg,Round,high
10240A34.jpg,Oval,low
11696A45.jpg,Square,low
09164A28.jpg,Round,low
01754A23.jpg,Oval,low
08647A23.jpg,Oblong,low
01245A19.jpg,Heart,low
00005A02.jpg,Round,high
11707A46.jpg,Round,low
05017A38.jpg,Round,low
12991A68.jpg,Oval,low
00008A02.jpg,SKIP,wide open laugh
01439A21.jpg,Heart,low
04505A35.jpg,Round,low
09365A29.jpg,Oblong,low
07196A71.jpg,Oblong,low
05950A46.jpg,Oval,low
02459A26.jpg,Oval,low
08120A14.jpg,Oval,low
10115A33.jpg,Round,low
00423A08.jpg,Heart,low
11676A45.jpg,Square,low
11398A43.jpg,Square,low
06483A54.jpg,Square,low
02336A26.jpg,Heart,low
05179A40.jpg,Oval,low
04565A35.jpg,Round,low
03016A28.jpg,Oval,low
11712A46.jpg,Oval,low
10437A35.jpg,Round,low
07867A09.jpg,SKIP,chin occluded by bottle
00452A08.jpg,Round,high
06114A48.jpg,Round,low
03950A32.jpg,Round,low
08105A14.jpg,Round,low
11182A41.jpg,Square,low
02332A26.jpg,Round,low
08118A14.jpg,Heart,low
07078A68.jpg,Round,high
00719A13.jpg,Oval,low
10773A37.jpg,Square,low
07702A07.jpg,Round,high
04102A33.jpg,Oval,low
07969A11.jpg,Round,low
09907A32.jpg,Oblong,low
12612A58.jpg,Square,low
11051A40.jpg,Round,high
11474A43.jpg,Oblong,low
06154A48.jpg,Heart,low
05221A40.jpg,Oval,low
08211A16.jpg,Oblong,low
06442A53.jpg,Round,high
06268A50.jpg,Round,high
02339A26.jpg,Heart,low
09675A31.jpg,Square,low
08250A17.jpg,Oval,low
09765A32.jpg,Round,low
10149A34.jpg,Oblong,low
09871A32.jpg,Square,low
01118A18.jpg,Oval,low
00026A02.jpg,Round,high
08007A12.jpg,Oval,low
00750A13.jpg,Round,high
04616A36.jpg,Round,low
10852A38.jpg,Square,low
04042A33.jpg,Heart,low
03876A32.jpg,Round,low
08315A18.jpg,Oval,low
08536A22.jpg,Round,low
04663A36.jpg,Oblong,low
05337A41.jpg,Round,low
10375A35.jpg,Round,low
06553A55.jpg,Round,low
00464A08.jpg,Round,high
12253A53.jpg,Square,high
01758A23.jpg,Oval,low
00506A09.jpg,Round,high
00001A02.jpg,Round,high
09501A30.jpg,Oblong,low
07263A76.jpg,SKIP,head rotated
12377A55.jpg,SKIP,head rotated
00514A09.jpg,SKIP,open mouth and hand occlusion
10075A33.jpg,Heart,low
06420A53.jpg,Oval,low
02445A26.jpg,Heart,low
05118A39.jpg,Round,high
02409A26.jpg,Oval,low
10526A36.jpg,Square,low
01483A21.jpg,Round,low
02542A27.jpg,Heart,high
07751A07.jpg,Round,high
10719A37.jpg,Oval,low
12312A54.jpg,Oblong,low
04441A35.jpg,Oval,low
08690A24.jpg,Square,low
05816A44.jpg,Oval,high
10289A34.jpg,Oval,low
02163A25.jpg,Heart,low
10403A35.jpg,Round,high
01890A24.jpg,Round,high
00764A13.jpg,Round,high
11831A47.jpg,Square,low
07533A04.jpg,Round,high
04858A37.jpg,Heart,high
09507A30.jpg,SKIP,head rotated
07906A10.jpg,Round,low
09446A30.jpg,Oblong,high
05211A40.jpg,Oval,low
02783A27.jpg,Square,low
03187A29.jpg,Oval,low
03987A32.jpg,Oval,low
10794A37.jpg,Oblong,low
07016A66.jpg,Oval,low
02085A25.jpg,Round,high
03013A28.jpg,Oval,low
13321A80.jpg,Oblong,low
09629A31.jpg,Round,high
05033A39.jpg,Oval,high
00952A16.jpg,Heart,low
10450A35.jpg,Round,low
12948A67.jpg,Round,low
04954A38.jpg,SKIP,head rotated
02938A28.jpg,Round,high
09287A29.jpg,Round,high
08292A18.jpg,Oval,low
07460A02.jpg,Round,high
12275A53.jpg,Square,low
06206A49.jpg,Oblong,low
06808A60.jpg,Round,high
07683A06.jpg,SKIP,head tilted up
13021A69.jpg,Oval,low
00245A05.jpg,Round,low
11800A47.jpg,Oval,high
02695A27.jpg,Oval,high
13122A73.jpg,Round,low
02026A25.jpg,Round,high
02095A25.jpg,Heart,low
02548A27.jpg,Round,low
12899A65.jpg,Oblong,low
03719A31.jpg,Oval,low
03465A30.jpg,Oval,low
08752A25.jpg,Square,low
13111A73.jpg,Round,low
09853A32.jpg,Round,high
00386A07.jpg,Round,high
08810A25.jpg,Square,low
09684A31.jpg,Round,high
07984A12.jpg,Round,low
01059A17.jpg,Square,low
12984A68.jpg,Round,low
06333A51.jpg,Oval,high
09865A32.jpg,Round,low
02940A28.jpg,Round,low
00233A05.jpg,Round,low
02481A26.jpg,Oval,high
12194A52.jpg,Square,low
01279A20.jpg,Oval,low
09604A31.jpg,Oval,low
01645A22.jpg,SKIP,head tilted and wide smile
03422A30.jpg,Oval,low
08394A19.jpg,SKIP,cap hides forehead and head rotated
03888A32.jpg,Round,high
02833A27.jpg,Round,high
00704A12.jpg,Round,high
07729A07.jpg,Round,low
00329A06.jpg,Round,high
08996A27.jpg,Oval,low
03933A32.jpg,Oval,high
02213A26.jpg,Oval,low
10431A35.jpg,Square,low
01633A22.jpg,Oval,low
11069A40.jpg,Square,high
08448A20.jpg,Oval,low
05266A40.jpg,Round,low
04662A36.jpg,Round,high
01925A24.jpg,Oval,low
07475A03.jpg,Round,high
06320A51.jpg,Round,high
03710A31.jpg,Oval,high
12834A63.jpg,Round,low
06283A50.jpg,Round,low
05941A46.jpg,Round,low
00651A11.jpg,Round,high
10691A37.jpg,Oblong,low
02637A27.jpg,Square,low
12357A55.jpg,Oval,low
08745A24.jpg,Oval,low
05791A44.jpg,SKIP,head turned three-quarter
07546A04.jpg,Round,low
01425A21.jpg,Oval,high
01547A22.jpg,Oval,low
07521A04.jpg,SKIP,head turned and hat occludes
02768A27.jpg,Round,high
06137A48.jpg,SKIP,head turned three-quarter
04910A38.jpg,Heart,low
01107A18.jpg,Round,high
10647A36.jpg,Oval,high
10452A35.jpg,Round,low
02890A28.jpg,Round,high
04395A35.jpg,Round,low
09664A31.jpg,Round,low
12631A59.jpg,Oblong,low
08527A22.jpg,Oval,low
08359A19.jpg,Oval,low
04653A36.jpg,Round,high
01065A17.jpg,Oval,low
05265A40.jpg,Oval,low
11309A42.jpg,Square,low
07941A11.jpg,Round,high
12896A65.jpg,Oblong,low
12227A53.jpg,Square,low
07127A69.jpg,Round,low
01334A20.jpg,Round,high
01924A24.jpg,Heart,low
10212A34.jpg,Square,low
02600A27.jpg,Round,high
05741A44.jpg,Oval,low
08281A17.jpg,Oval,low
03056A28.jpg,Oval,high
01692A23.jpg,Oval,high
08963A27.jpg,Round,low
09119A28.jpg,Oval,low
00614A11.jpg,Heart,low
11561A44.jpg,Oblong,low
03218A29.jpg,Oval,low
11115A40.jpg,SKIP,thick beard occludes jawline
02939A28.jpg,Oval,high
04446A35.jpg,Round,low
11594A45.jpg,SKIP,head rotated off-frontal
12151A52.jpg,Square,low
12497A56.jpg,Round,high
09285A29.jpg,Square,low
11840A47.jpg,Round,high
03418A30.jpg,Round,high
06843A61.jpg,SKIP,headscarf occludes face contour
10917A38.jpg,Square,low
03968A32.jpg,Round,high
03291A29.jpg,Oval,low
09731A32.jpg,Round,high
08764A25.jpg,Round,low
12792A62.jpg,Round,high
00268A05.jpg,Round,high
10803A37.jpg,Square,low
11950A49.jpg,SKIP,open-mouth laugh distorts jaw
09598A31.jpg,Oval,high
11205A41.jpg,Round,high
07025A66.jpg,Oval,low
04210A34.jpg,Heart,low
05428A41.jpg,SKIP,head rotated off-frontal
07759A08.jpg,Round,high
10886A38.jpg,Square,low
10079A33.jpg,Round,high
00476A09.jpg,Round,low
12830A63.jpg,Round,low
07756A07.jpg,Round,high
11613A45.jpg,Round,high
05622A43.jpg,Oval,high
12145A51.jpg,Square,low
07326A78.jpg,Round,low
08610A23.jpg,Oval,low
05931A46.jpg,Oval,high
01849A24.jpg,Round,high
05262A40.jpg,Oval,high
02994A28.jpg,Oval,low
08065A13.jpg,Round,high
05445A41.jpg,Oval,low
11401A43.jpg,Square,low
00294A06.jpg,Round,low
07885A10.jpg,Oval,low
06738A59.jpg,Round,high
08331A18.jpg,Oval,high
01349A20.jpg,Oval,high
10805A37.jpg,Round,high
06004A46.jpg,Heart,low
06307A50.jpg,Round,high
12748A61.jpg,Square,high
05462A42.jpg,Round,high
06690A58.jpg,Round,high
10492A36.jpg,Square,low
08244A17.jpg,Oblong,low
06099A47.jpg,Round,high
10970A39.jpg,Square,high
04317A34.jpg,Heart,low
05642A43.jpg,Oval,low
10032A33.jpg,Oblong,low
11960A49.jpg,Square,high
09232A29.jpg,Oval,low
12678A60.jpg,Oblong,low
11512A44.jpg,Oval,low
06906A63.jpg,Round,high
11677A45.jpg,Round,low
07354A79.jpg,Oblong,low
09749A32.jpg,Oval,low
05822A45.jpg,Heart,low
07029A66.jpg,Round,high
06588A56.jpg,SKIP,head rotated off-frontal
09929A33.jpg,Oval,low
11529A44.jpg,Square,low
11790A47.jpg,Square,low
06236A50.jpg,Oval,low
06224A49.jpg,Oval,low
08044A13.jpg,Oval,low
02817A27.jpg,Round,low
08783A25.jpg,Round,low
02326A26.jpg,Round,low
08911A26.jpg,Round,low
08103A13.jpg,Round,high
00566A10.jpg,Heart,low
00568A10.jpg,SKIP,head rotated and pitched up
12641A59.jpg,Square,low
00752A13.jpg,Round,high
12833A63.jpg,Square,low
03210A29.jpg,Oblong,low
08496A22.jpg,Square,low
00209A04.jpg,Round,low
00732A13.jpg,Round,high
01420A21.jpg,Round,high
11304A42.jpg,Round,low
08431A20.jpg,Oval,low
08351A19.jpg,Oval,low
02467A26.jpg,Heart,low
09499A30.jpg,Oblong,low
07527A04.jpg,Round,high
02870A27.jpg,SKIP,wide open laugh distorts jaw
10090A33.jpg,Round,high
02051A25.jpg,Oval,low
11082A40.jpg,Square,low
11072A40.jpg,Round,low
05968A46.jpg,Heart,low
05698A43.jpg,Round,high
09131A28.jpg,Round,low
07402A02.jpg,Round,high
12399A55.jpg,Oblong,low
08551A22.jpg,Oval,low
06064A47.jpg,Oval,low
05148A39.jpg,Round,low
04825A37.jpg,Oval,low
02723A27.jpg,Oval,low
12456A56.jpg,Square,low
07561A04.jpg,Round,high
09783A32.jpg,Square,high
03708A31.jpg,Heart,low
10007A33.jpg,Oblong,low
11885A48.jpg,Round,low
07986A12.jpg,Oval,low
06180A49.jpg,Oblong,low
11836A47.jpg,Round,low
06348A51.jpg,Oblong,low
12282A53.jpg,Oblong,high
11663A45.jpg,Round,low
06473A54.jpg,Square,low
12066A50.jpg,Round,low
00789A13.jpg,Oval,low
01953A24.jpg,Heart,low
01854A24.jpg,Oval,low
09976A33.jpg,Oval,low
11288A42.jpg,Square,low
12852A63.jpg,Oblong,low
10679A37.jpg,Square,high
00505A09.jpg,Heart,low
03560A30.jpg,Oval,high
11273A41.jpg,Round,low
06294A50.jpg,Oblong,low
09870A32.jpg,Square,low
07140A69.jpg,SKIP,hat occludes forehead and head turned
11644A45.jpg,Oblong,low
11537A44.jpg,Round,high
10011A33.jpg,Oval,high
03075A28.jpg,Round,high
00538A09.jpg,SKIP,head turned and mouth open
06228A49.jpg,Oval,high
08164A15.jpg,Square,low
00564A10.jpg,Round,low
09304A29.jpg,Oblong,low
00027A02.jpg,Round,high
09915A32.jpg,Square,low
11223A41.jpg,Oval,low
01463A21.jpg,Heart,low
05004A38.jpg,Oval,high
01154A18.jpg,Oval,low
09176A28.jpg,Oblong,low
03541A30.jpg,Oval,high
06083A47.jpg,Round,low
02239A26.jpg,Round,low
00014A02.jpg,Round,low
01189A19.jpg,Oval,low
10423A35.jpg,Round,high
01328A20.jpg,Round,low
05886A45.jpg,Oblong,low
12928A66.jpg,Square,low
11102A40.jpg,Oblong,low
11254A41.jpg,Square,low
06500A54.jpg,Round,low
08325A18.jpg,Oval,low
09308A29.jpg,Oval,low
05721A43.jpg,Round,low
02956A28.jpg,Oval,low
03724A31.jpg,Oval,low
08899A26.jpg,Oblong,low
06924A63.jpg,Round,high
01779A23.jpg,Oval,low
04754A37.jpg,Oval,high
10906A38.jpg,Square,high
11204A41.jpg,Square,low
01138A18.jpg,Round,high
08076A13.jpg,Oval,low
07549A04.jpg,Round,high
08644A23.jpg,Oblong,low
12268A53.jpg,Square,low
07815A08.jpg,Round,high
02282A26.jpg,Oval,low
08285A17.jpg,SKIP,hand occludes jawline
05399A41.jpg,Round,low
10273A34.jpg,Square,high
08206A16.jpg,Round,high
09497A30.jpg,Round,low
02304A26.jpg,Oval,low
03571A31.jpg,Oval,high
06233A50.jpg,Oval,low
10650A36.jpg,Oval,low
12292A54.jpg,Oblong,low
01637A22.jpg,Oval,high
08170A15.jpg,Oval,low
04106A33.jpg,Oval,low
10125A33.jpg,Square,low
11580A45.jpg,Oblong,low
01917A24.jpg,Oval,low
04463A35.jpg,Oval,high
02287A26.jpg,Round,high
04120A33.jpg,Oval,high
12159A52.jpg,Round,low
11603A45.jpg,Square,high
07996A12.jpg,Oval,low
07795A08.jpg,Round,high
00210A04.jpg,SKIP,head turned and jaw hidden by hair
09643A31.jpg,Round,high
09986A33.jpg,Oblong,low
12671A59.jpg,Square,high
02527A27.jpg,Round,low
03239A29.jpg,Oval,low
06971A65.jpg,Round,low
04881A37.jpg,Round,high
03467A30.jpg,Oblong,low
03084A28.jpg,Oval,high
10983A39.jpg,Oval,low
03333A29.jpg,Round,low
09517A30.jpg,Square,high
05799A44.jpg,Round,high
07830A09.jpg,Round,high
05070A39.jpg,Oval,low
09130A28.jpg,Round,high
12957A67.jpg,Oblong,low
11661A45.jpg,Square,low
07541A04.jpg,Round,high
05533A42.jpg,Oval,low
02876A27.jpg,Oval,low
11284A42.jpg,Square,low
05599A43.jpg,Round,high
06379A52.jpg,Round,high
10021A33.jpg,Oval,low
08904A26.jpg,Oval,low
08369A19.jpg,Oval,low
05385A41.jpg,Round,low
11333A42.jpg,Square,low
00641A11.jpg,Oval,low
05286A40.jpg,Round,low
12759A61.jpg,Round,low
03180A29.jpg,Oval,low
08138A14.jpg,Round,high
11485A43.jpg,Oblong,low
08081A13.jpg,Round,low
00382A07.jpg,Round,high
04253A34.jpg,Heart,low
07655A06.jpg,Round,low
09364A29.jpg,Square,low
04268A34.jpg,Oblong,low
12996A68.jpg,Square,low
04393A35.jpg,Oval,high
02031A25.jpg,SKIP,head rotated off-frontal
08317A18.jpg,Round,low
04983A38.jpg,Round,high
03958A32.jpg,Oval,low
10902A38.jpg,Square,low
09239A29.jpg,Oblong,low
07577A05.jpg,Round,low
11633A45.jpg,Round,low
10485A36.jpg,Oval,low
10680A37.jpg,Oval,low
01728A23.jpg,Round,high
12651A59.jpg,Square,low
06664A57.jpg,Round,low
02908A28.jpg,Oval,low
02006A24.jpg,Oval,low
06830A61.jpg,SKIP,head pitched up
08112A14.jpg,Oval,low
08430A20.jpg,Oval,low
05713A43.jpg,Round,low
03456A30.jpg,Oval,low
08237A16.jpg,Square,high
09797A32.jpg,Oval,low
01140A18.jpg,Heart,low
11301A42.jpg,Round,low
09243A29.jpg,Oblong,low
08600A23.jpg,Round,low
10529A36.jpg,Square,low
10342A35.jpg,Oval,low
01901A24.jpg,Oval,low
07985A12.jpg,Round,low
08618A23.jpg,Square,high
12532A57.jpg,Oblong,low
04716A36.jpg,Round,low
05212A40.jpg,Heart,low
03106A28.jpg,Round,low
03105A28.jpg,Round,low
02677A27.jpg,Oval,low
12630A59.jpg,Square,high
12706A60.jpg,Square,low
07231A74.jpg,Oval,low
00436A08.jpg,Round,high
04572A36.jpg,Oval,high
10286A34.jpg,Round,high
09775A32.jpg,Oblong,low
01362A20.jpg,Oval,low
05407A41.jpg,Round,low
12092A51.jpg,Square,low
01691A23.jpg,Round,high
12530A57.jpg,Square,high
09152A28.jpg,Oblong,high
09113A28.jpg,Square,low
10297A34.jpg,Oval,high
06194A49.jpg,Round,low
08794A25.jpg,Oval,low
04973A38.jpg,Oval,high
11249A41.jpg,Round,high
02486A26.jpg,Oval,high
06360A51.jpg,Oval,high
10673A37.jpg,Square,low
08397A19.jpg,Oval,low
00684A12.jpg,Round,high
11202A41.jpg,Square,high
00597A10.jpg,Round,high
04121A33.jpg,Round,high
12291A54.jpg,Oval,low
03151A29.jpg,SKIP,head pitched down
02431A26.jpg,Heart,low
10234A34.jpg,Oval,low
03985A32.jpg,Oval,high
11762A46.jpg,Round,high
02744A27.jpg,SKIP,head pitched down
00884A15.jpg,Heart,low
11255A41.jpg,Square,high
01773A23.jpg,Heart,low
04029A33.jpg,Round,high
07812A08.jpg,Round,high
01036A17.jpg,Oval,low
04036A33.jpg,Oval,low
10272A34.jpg,Square,low
01988A24.jpg,Round,high
12305A54.jpg,Oval,low
11563A44.jpg,Square,high
11028A39.jpg,Oval,low
02285A26.jpg,Round,low
03062A28.jpg,Oval,high
03453A30.jpg,Oval,high
04097A33.jpg,Oval,low
12595A58.jpg,SKIP,wide-open laugh distorts jaw
01959A24.jpg,Round,low
01560A22.jpg,Round,low
05681A43.jpg,Oval,low
11656A45.jpg,Oval,low
12294A54.jpg,Oblong,low
09628A31.jpg,Square,low
04199A33.jpg,Oval,low
12794A62.jpg,Round,low
01600A22.jpg,Heart,high
08791A25.jpg,Square,low
07890A10.jpg,Round,high
07868A09.jpg,Round,high
09001A27.jpg,SKIP,hand occludes jawline
13106A73.jpg,Square,low
06778A60.jpg,Round,low
07873A09.jpg,Round,high
03384A29.jpg,Oval,low
08110A14.jpg,Oval,low
11697A45.jpg,Square,low
08768A25.jpg,Oval,low
06952A64.jpg,Square,low
06071A47.jpg,Oval,low
12006A49.jpg,Oval,low
06650A57.jpg,Round,low
05891A45.jpg,Oblong,low
09448A30.jpg,Square,high
13224A77.jpg,Square,low
10433A35.jpg,Oval,low
08991A27.jpg,Oval,low
05480A42.jpg,Oval,low
12154A52.jpg,Square,low
03902A32.jpg,Oval,low
01102A18.jpg,Round,low
09368A29.jpg,Oval,low
02264A26.jpg,Round,low
05060A39.jpg,Oval,low
10661A37.jpg,Square,low
02606A27.jpg,Round,high
10836A38.jpg,Oblong,low
09173A28.jpg,Square,low
12229A53.jpg,Square,low
08003A12.jpg,Round,high
01796A23.jpg,Heart,low
08632A23.jpg,Square,high
11178A41.jpg,Heart,low
10475A35.jpg,Oblong,low
05099A39.jpg,Oval,low
07783A08.jpg,Round,low
03311A29.jpg,Round,high
07806A08.jpg,Round,high
03335A29.jpg,Heart,low
09169A28.jpg,Oval,low
01958A24.jpg,Round,low
07726A07.jpg,Heart,low
07236A74.jpg,Oblong,low
07076A68.jpg,Square,low
06269A50.jpg,Oval,low
12958A67.jpg,SKIP,head-pitched-down-eyes-closed
06791A60.jpg,SKIP,head-pitched-down-laughing
04276A34.jpg,SKIP,hand-occludes-jawline
07995A12.jpg,SKIP,head-yaw-off-frontal
10023A33.jpg,Oblong,low
09392A29.jpg,Square,low
03732A31.jpg,Oval,low
02422A26.jpg,Round,low
11823A47.jpg,Square,high
11389A43.jpg,Square,high
00731A13.jpg,Heart,low
11245A41.jpg,Round,low
