file,gender
10148A34.jpg,male
00002A02.jpg,female
04934A38.jpg,female
08356A19.jpg,male
07384A02.jpg,male
07008A66.jpg,female
13096A72.jpg,male
12420A55.jpg,male
06016A46.jpg,female
12033A49.jpg,male
12320A54.jpg,male
09230A29.jpg,male
00781A13.jpg,female
13157A74.jpg,male
03730A31.jpg,female
11469A43.jpg,male
00541A09.jpg,female
11694A45.jpg,male
11541A44.jpg,male
12598A58.jpg,male
00584A10.jpg,female
05277A40.jpg,female
00615A11.jpg,female
05115A39.jpg,female
09686A31.jpg,male
10344A35.jpg,male
09696A31.jpg,male
02030A25.jpg,female
08684A24.jpg,male
11259A41.jpg,male
09297A29.jpg,male
07865A09.jpg,male
07945A11.jpg,male
03684A31.jpg,female
04509A35.jpg,female
09683A31.jpg,male
08492A21.jpg,male
09054A27.jpg,male
03861A32.jpg,female
10070A33.jpg,male
03207A29.jpg,female
01532A22.jpg,female
10652A36.jpg,male
01583A22.jpg,female
08599A23.jpg,male
00064A02.jpg,female
08945A27.jpg,male
04746A37.jpg,female
05560A42.jpg,female
11722A46.jpg,male
02770A27.jpg,female
02901A28.jpg,female
09460A30.jpg,male
06123A48.jpg,female
02917A28.jpg,female
06465A54.jpg,female
11012A39.jpg,male
01101A18.jpg,female
08712A24.jpg,male
08337A18.jpg,male
07502A03.jpg,male
03138A29.jpg,female
06716A59.jpg,female
08033A12.jpg,male
04206A34.jpg,female
08953A27.jpg,male
10838A38.jpg,male
08346A19.jpg,male
03278A29.jpg,female
08656A23.jpg,male
11243A41.jpg,male
10706A37.jpg,male
06596A56.jpg,female
00262A05.jpg,female
08775A25.jpg,male
04435A35.jpg,female
12583A57.jpg,male
09539A30.jpg,male
02625A27.jpg,female
04542A35.jpg,female
01842A24.jpg,female
10306A34.jpg,male
02891A28.jpg,female
07701A07.jpg,male
05854A45.jpg,female
12579A57.jpg,male
07617A06.jpg,male
06751A59.jpg,female
09733A32.jpg,male
07424A02.jpg,male
09740A32.jpg,male
07596A05.jpg,male
03334A29.jpg,female
08239A16.jpg,male
03451A30.jpg,female
05627A43.jpg,female
00025A02.jpg,female
01472A21.jpg,female
02406A26.jpg,female
12241A53.jpg,male
10315A34.jpg,male
01365A20.jpg,female
02582A27.jpg,female
04854A37.jpg,female
11666A45.jpg,male
02318A26.jpg,female
10373A35.jpg,male
10228A34.jpg,male
11476A43.jpg,male
10537A36.jpg,male
09787A32.jpg,male
09165A28.jpg,male
10904A38.jpg,male
10614A36.jpg,male
02867A27.jpg,female
09316A29.jpg,male
12001A49.jpg,male
03578A31.jpg,female
08249A17.jpg,male
12780A62.jpg,male
06324A51.jpg,female
11983A49.jpg,male
03315A29.jpg,female
00073A03.jpg,female
05223A40.jpg,female
08578A23.jpg,male
05107A39.jpg,female
05837A45.jpg,female
07373A80.jpg,female
04738A36.jpg,female
00804A14.jpg,female
13144A74.jpg,male
12130A51.jpg,male
12719A60.jpg,male
04384A34.jpg,female
10038A33.jpg,male
00038A02.jpg,female
12586A58.jpg,male
07495A03.jpg,male
07250A75.jpg,female
07275A76.jpg,female
09456A30.jpg,male
08258A17.jpg,male
10901A38.jpg,male
05585A42.jpg,female
09244A29.jpg,male
06841A61.jpg,female
04678A36.jpg,female
01578A22.jpg,female
10646A36.jpg,male
09756A32.jpg,male
02633A27.jpg,female
10267A34.jpg,male
05726A44.jpg,female
01045A17.jpg,female
05870A45.jpg,female
05159A40.jpg,female
12621A59.jpg,male
12041A49.jpg,male
12324A54.jpg,male
11683A45.jpg,male
01549A22.jpg,female
02722A27.jpg,female
08818A25.jpg,male
08328A18.jpg,male
07963A11.jpg,male
10716A37.jpg,male
11937A48.jpg,male
03775A32.jpg,female
13277A79.jpg,male
03825A32.jpg,female
08185A15.jpg,male
01904A24.jpg,female
04777A37.jpg,female
00223A05.jpg,female
11543A44.jpg,male
12956A67.jpg,male
02294A26.jpg,female
04169A33.jpg,female
10860A38.jpg,male
11625A45.jpg,male
12177A52.jpg,male
02173A25.jpg,female
09502A30.jpg,male
01689A23.jpg,female
11374A42.jpg,male
02408A26.jpg,female
09618A31.jpg,male
00991A17.jpg,female
04804A37.jpg,female
13141A74.jpg,male
07015A66.jpg,female
08781A25.jpg,male
00517A09.jpg,female
11670A45.jpg,male
09177A28.jpg,male
12401A55.jpg,male
11737A46.jpg,male
00246A05.jpg,female
09334A29.jpg,male
08851A25.jpg,male
09751A32.jpg,male
08130A14.jpg,male
04095A33.jpg,female
05856A45.jpg,female
09991A33.jpg,male
06044A47.jpg,female
06579A56.jpg,female
07119A69.jpg,female
03064A28.jpg,female
03066A28.jpg,female
09416A29.jpg,male
00367A07.jpg,female
07842A09.jpg,male
09410A29.jpg,male
13107A73.jpg,male
01804A23.jpg,female
12260A53.jpg,male
12569A57.jpg,male
02096A25.jpg,female
04205A34.jpg,female
09159A28.jpg,male
07953A11.jpg,male
09267A29.jpg,male
00446A08.jpg,female
04146A33.jpg,female
11207A41.jpg,male
01128A18.jpg,female
12062A50.jpg,male
12674A59.jpg,male
09961A33.jpg,male
08225A16.jpg,male
08146A14.jpg,male
01033A17.jpg,female
09504A30.jpg,male
03046A28.jpg,female
01019A17.jpg,female
06210A49.jpg,female
12037A49.jpg,male
05097A39.jpg,female
11329A42.jpg,male
04035A33.jpg,female
10052A33.jpg,male
10413A35.jpg,male
01749A23.jpg,female
11402A43.jpg,male
07075A68.jpg,female
10374A35.jpg,male
00205A04.jpg,female
09910A32.jpg,male
06546A55.jpg,female
04593A36.jpg,female
04099A33.jpg,female
00656A11.jpg,female
08344A19.jpg,male
06551A55.jpg,female
13186A76.jpg,male
06454A54.jpg,female
11859A47.jpg,male
10152A34.jpg,male
06273A50.jpg,female
07133A69.jpg,female
11011A39.jpg,male
11035A39.jpg,male
04454A35.jpg,female
13097A72.jpg,male
09909A32.jpg,male
06801A60.jpg,female
08089A13.jpg,male
09559A31.jpg,male
00922A15.jpg,female
09934A33.jpg,male
08928A27.jpg,male
07486A03.jpg,male
03317A29.jpg,female
04768A37.jpg,female
13074A71.jpg,male
06795A60.jpg,female
02319A26.jpg,female
07433A02.jpg,male
01506A21.jpg,female
11965A49.jpg,male
08977A27.jpg,male
04646A36.jpg,female
03308A29.jpg,female
07137A69.jpg,female
08057A13.jpg,male
10749A37.jpg,male
05077A39.jpg,female
12336A54.jpg,male
10268A34.jpg,male
03444A30.jpg,female
05831A45.jpg,female
11285A42.jpg,male
05269A40.jpg,female
05150A39.jpg,female
10296A34.jpg,male
11200A41.jpg,male
04031A33.jpg,female
03917A32.jpg,female
00743A13.jpg,female
12296A54.jpg,male
06053A47.jpg,female
11197A41.jpg,male
06275A50.jpg,female
07715A07.jpg,male
11131A40.jpg,male
01604A22.jpg,female
07746A07.jpg,male
05261A40.jpg,female
03673A31.jpg,female
08435A20.jpg,male
08143A14.jpg,male
01614A22.jpg,female
01577A22.jpg,female
00479A09.jpg,female
00232A05.jpg,female
06105A48.jpg,female
12747A61.jpg,male
07849A09.jpg,male
03394A30.jpg,female
04850A37.jpg,female
11551A44.jpg,male
03246A29.jpg,female
13295A79.jpg,male
09566A31.jpg,male
03907A32.jpg,female
02042A25.jpg,female
06168A49.jpg,female
11058A40.jpg,male
12418A55.jpg,male
09127A28.jpg,male
03140A29.jpg,female
04870A37.jpg,female
12176A52.jpg,male
07630A06.jpg,male
10254A34.jpg,male
03961A32.jpg,female
00333A06.jpg,female
08392A19.jpg,male
13015A69.jpg,male
12774A61.jpg,male
09557A31.jpg,male
00143A03.jpg,female
04775A37.jpg,female
09754A32.jpg,male
12431A56.jpg,male
05752A44.jpg,female
07616A06.jpg,male
02840A27.jpg,female
05007A38.jpg,female
04053A33.jpg,female
01011A17.jpg,female
10241A34.jpg,male
09479A30.jpg,male
12739A61.jpg,male
05259A40.jpg,female
01257A19.jpg,female
10303A34.jpg,male
04826A37.jpg,female
12881A64.jpg,male
05751A44.jpg,female
06412A53.jpg,female
06725A59.jpg,female
10001A33.jpg,male
12518A57.jpg,male
05232A40.jpg,female
09922A32.jpg,male
07598A05.jpg,male
09090A28.jpg,male
06520A55.jpg,female
10959A39.jpg,male
05063A39.jpg,female
11323A42.jpg,male
04718A36.jpg,female
09231A29.jpg,male
02737A27.jpg,female
07259A75.jpg,female
09227A29.jpg,male
03265A29.jpg,female
07269A76.jpg,female
06068A47.jpg,female
04684A36.jpg,female
12934A66.jpg,male
03420A30.jpg,female
12932A66.jpg,male
01477A21.jpg,female
09638A31.jpg,male
01020A17.jpg,female
03547A30.jpg,female
10856A38.jpg,male
12722A60.jpg,male
04451A35.jpg,female
04404A35.jpg,female
02451A26.jpg,female
09634A31.jpg,male
03054A28.jpg,female
08162A15.jpg,male
00951A16.jpg,female
08686A24.jpg,male
11971A49.jpg,male
12602A58.jpg,male
02882A27.jpg,female
10281A34.jpg,male
12349A54.jpg,male
04039A33.jpg,female
07857A09.jpg,male
11718A46.jpg,male
11282A42.jpg,male
12647A59.jpg,male
12337A54.jpg,male
00293A06.jpg,female
10815A37.jpg,male
03170A29.jpg,female
03746A31.jpg,female
08253A17.jpg,male
07737A07.jpg,male
09857A32.jpg,male
09869A32.jpg,male
00703A12.jpg,female
02892A28.jpg,female
12209A52.jpg,male
12221A53.jpg,male
09903A32.jpg,male
03838A32.jpg,female
10847A38.jpg,male
07826A09.jpg,male
11899A48.jpg,male
11075A40.jpg,male
01918A24.jpg,female
00172A04.jpg,female
04054A33.jpg,female
04960A38.jpg,female
00272A05.jpg,female
10677A37.jpg,male
10350A35.jpg,male
01822A24.jpg,female
12433A56.jpg,male
05546A42.jpg,female
00933A16.jpg,female
08739A24.jpg,male
04143A33.jpg,female
04863A37.jpg,female
12999A68.jpg,male
00267A05.jpg,female
09187A28.jpg,male
11407A43.jpg,male
05794A44.jpg,female
13053A70.jpg,male
11799A47.jpg,male
07041A67.jpg,female
05189A40.jpg,female
04739A36.jpg,female
05305A41.jpg,female
03074A28.jpg,female
00156A04.jpg,female
03575A31.jpg,female
11367A42.jpg,male
01663A22.jpg,female
01646A22.jpg,female
10581A36.jpg,male
02278A26.jpg,female
03865A32.jpg,female
10637A36.jpg,male
03194A29.jpg,female
10455A35.jpg,male
06912A63.jpg,female
12297A54.jpg,male
04790A37.jpg,female
12923A66.jpg,male
00292A06.jpg,female
10216A34.jpg,male
12186A52.jpg,male
06290A50.jpg,female
09799A32.jpg,male
02090A25.jpg,female
07292A77.jpg,female
12880A64.jpg,male
13268A78.jpg,male
08800A25.jpg,male
04513A35.jpg,female
08543A22.jpg,male
02828A27.jpg,female
01371A20.jpg,female
08055A13.jpg,male
06111A48.jpg,female
02856A27.jpg,female
11427A43.jpg,male
01550A22.jpg,female
00689A12.jpg,female
10823A37.jpg,male
13011A69.jpg,male
11228A41.jpg,male
09064A27.jpg,male
02655A27.jpg,female
03063A28.jpg,female
02037A25.jpg,female
12133A51.jpg,male
13155A74.jpg,male
12515A57.jpg,male
08877A26.jpg,male
08175A15.jpg,male
03625A31.jpg,female
05384A41.jpg,female
04882A37.jpg,female
07644A06.jpg,male
03069A28.jpg,female
04297A34.jpg,female
11919A48.jpg,male
10395A35.jpg,male
08193A15.jpg,male
00561A10.jpg,female
09818A32.jpg,male
12639A59.jpg,male
03980A32.jpg,female
11004A39.jpg,male
01176A19.jpg,female
04333A34.jpg,female
09260A29.jpg,male
08836A25.jpg,male
09859A32.jpg,male
11023A39.jpg,male
11895A48.jpg,male
11083A40.jpg,male
00714A12.jpg,female
10137A33.jpg,male
07135A69.jpg,female
01157A18.jpg,female
03213A29.jpg,female
07091A68.jpg,female
04224A34.jpg,female
12044A50.jpg,male
04265A34.jpg,female
07503A03.jpg,male
06129A48.jpg,female
00405A07.jpg,female
01683A23.jpg,female
10601A36.jpg,male
04726A36.jpg,female
08933A27.jpg,male
10290A34.jpg,male
02978A28.jpg,female
02011A24.jpg,female
03655A31.jpg,female
08634A23.jpg,male
02578A27.jpg,female
04273A34.jpg,female
00096A03.jpg,female
11290A42.jpg,male
07643A06.jpg,male
05953A46.jpg,female
13266A78.jpg,male
09512A30.jpg,male
01043A17.jpg,female
10383A35.jpg,male
08601A23.jpg,male
10361A35.jpg,male
02043A25.jpg,female
08548A22.jpg,male
09744A32.jpg,male
00591A10.jpg,female
03999A33.jpg,female
09226A29.jpg,male
00964A16.jpg,female
12274A53.jpg,male
02169A25.jpg,female
12978A67.jpg,male
12662A59.jpg,male
01046A17.jpg,female
10112A33.jpg,male
01897A24.jpg,female
01987A24.jpg,female
08078A13.jpg,male
07108A69.jpg,female
06370A52.jpg,female
01167A18.jpg,female
04226A34.jpg,female
09458A30.jpg,male
03593A31.jpg,female
02990A28.jpg,female
05216A40.jpg,female
07217A73.jpg,female
02511A26.jpg,female
10245A34.jpg,male
08698A24.jpg,male
11651A45.jpg,male
01090A18.jpg,female
10937A38.jpg,male
02729A27.jpg,female
00544A10.jpg,female
12686A60.jpg,male
12022A49.jpg,male
08688A24.jpg,male
12150A52.jpg,male
04155A33.jpg,female
01397A21.jpg,female
11168A41.jpg,male
09471A30.jpg,male
09323A29.jpg,male
09220A29.jpg,male
09905A32.jpg,male
00770A13.jpg,female
09348A29.jpg,male
12088A51.jpg,male
07416A02.jpg,male
07351A79.jpg,female
12211A52.jpg,male
07891A10.jpg,male
06358A51.jpg,female
08087A13.jpg,male
04575A36.jpg,female
05397A41.jpg,female
08111A14.jpg,male
00120A03.jpg,female
07592A05.jpg,male
00348A06.jpg,female
08150A15.jpg,male
03222A29.jpg,female
06700A58.jpg,female
01837A24.jpg,female
10949A39.jpg,male
11698A45.jpg,male
13191A76.jpg,male
00222A04.jpg,female
10950A39.jpg,male
05960A46.jpg,female
07659A06.jpg,male
04069A33.jpg,female
05382A41.jpg,female
00102A03.jpg,female
11341A42.jpg,male
07068A67.jpg,female
01883A24.jpg,female
10994A39.jpg,male
05932A46.jpg,female
10807A37.jpg,male
03762A31.jpg,female
10033A33.jpg,male
08289A18.jpg,male
03237A29.jpg,female
11303A42.jpg,male
04303A34.jpg,female
09455A30.jpg,male
12990A68.jpg,male
11917A48.jpg,male
09742A32.jpg,male
02570A27.jpg,female
05691A43.jpg,female
02698A27.jpg,female
11426A43.jpg,male
05583A42.jpg,female
04126A33.jpg,female
05358A41.jpg,female
03555A30.jpg,female
06609A56.jpg,female
10138A33.jpg,male
13047A70.jpg,male
04171A33.jpg,female
06328A51.jpg,female
04077A33.jpg,female
05848A45.jpg,female
07908A10.jpg,male
07116A69.jpg,female
12789A62.jpg,male
07509A04.jpg,male
07287A77.jpg,female
03793A32.jpg,female
06011A46.jpg,female
12819A63.jpg,male
10178A34.jpg,male
05897A45.jpg,female
10566A36.jpg,male
08140A14.jpg,male
06028A47.jpg,female
11581A45.jpg,male
06531A55.jpg,female
10094A33.jpg,male
13057A70.jpg,male
07303A77.jpg,female
00700A12.jpg,female
02232A26.jpg,female
04432A35.jpg,female
12243A53.jpg,male
08627A23.jpg,male
04064A33.jpg,female
11607A45.jpg,male
00848A14.jpg,female
13249A78.jpg,male
12998A68.jpg,male
04403A35.jpg,female
02814A27.jpg,female
03439A30.jpg,female
04862A37.jpg,female
06552A55.jpg,female
10564A36.jpg,male
10764A37.jpg,male
06296A50.jpg,female
09351A29.jpg,male
09805A32.jpg,male
11122A40.jpg,male
01237A19.jpg,female
07073A68.jpg,female
08415A20.jpg,male
09972A33.jpg,male
10255A34.jpg,male
07282A76.jpg,female
00316A06.jpg,female
09010A27.jpg,male
04487A35.jpg,female
04773A37.jpg,female
04495A35.jpg,female
12356A55.jpg,male
12698A60.jpg,male
08469A21.jpg,male
12917A66.jpg,male
07921A11.jpg,male
09496A30.jpg,male
04993A38.jpg,female
04828A37.jpg,female
03749A31.jpg,female
00498A09.jpg,female
12509A56.jpg,male
06305A50.jpg,female
02355A26.jpg,female
12085A50.jpg,male
03012A28.jpg,female
07878A09.jpg,male
07919A11.jpg,male
12272A53.jpg,male
06239A50.jpg,female
02736A27.jpg,female
05650A43.jpg,female
05800A44.jpg,female
09262A29.jpg,male
05199A40.jpg,female
11934A48.jpg,male
11296A42.jpg,male
10793A37.jpg,male
05640A43.jpg,female
12318A54.jpg,male
05637A43.jpg,female
03824A32.jpg,female
05558A42.jpg,female
12549A57.jpg,male
01044A17.jpg,female
06911A63.jpg,female
03094A28.jpg,female
06997A65.jpg,female
00039A02.jpg,female
05001A38.jpg,female
03009A28.jpg,female
02139A25.jpg,female
08498A22.jpg,male
00304A06.jpg,female
05673A43.jpg,female
04185A33.jpg,female
09223A29.jpg,male
05085A39.jpg,female
03976A32.jpg,female
06790A60.jpg,female
11045A39.jpg,male
04535A35.jpg,female
01813A23.jpg,female
05581A42.jpg,female
12153A52.jpg,male
00208A04.jpg,female
08412A20.jpg,male
03626A31.jpg,female
08455A20.jpg,male
06349A51.jpg,female
08495A22.jpg,male
07512A04.jpg,male
05669A43.jpg,female
12637A59.jpg,male
02584A27.jpg,female
04642A36.jpg,female
05155A39.jpg,female
07150A70.jpg,female
06881A62.jpg,female
07847A09.jpg,male
09055A27.jpg,male
10523A36.jpg,male
03019A28.jpg,female
08903A26.jpg,male
11432A43.jpg,male
05619A43.jpg,female
00047A02.jpg,female
01621A22.jpg,female
09808A32.jpg,male
01263A20.jpg,female
13304A80.jpg,male
07405A02.jpg,male
10047A33.jpg,male
00935A16.jpg,female
02732A27.jpg,female
09476A30.jpg,male
01914A24.jpg,female
07952A11.jpg,male
06533A55.jpg,female
06362A52.jpg,female
01564A22.jpg,female
02644A27.jpg,female
10969A39.jpg,male
11806A47.jpg,male
04331A34.jpg,female
05943A46.jpg,female
08160A15.jpg,male
10248A34.jpg,male
08355A19.jpg,male
01360A20.jpg,female
08882A26.jpg,male
00349A06.jpg,female
07420A02.jpg,male
11377A42.jpg,male
01810A23.jpg,female
13251A78.jpg,male
12478A56.jpg,male
12372A55.jpg,male
09362A29.jpg,male
01466A21.jpg,female
04847A37.jpg,female
11016A39.jpg,male
12925A66.jpg,male
05496A42.jpg,female
11320A42.jpg,male
01228A19.jpg,female
09484A30.jpg,male
10520A36.jpg,male
06851A61.jpg,female
08950A27.jpg,male
09647A31.jpg,male
09610A31.jpg,male
11266A41.jpg,male
05948A46.jpg,female
12835A63.jpg,male
01296A20.jpg,female
07239A74.jpg,female
05682A43.jpg,female
10478A36.jpg,male
00410A08.jpg,female
12931A66.jpg,male
03023A28.jpg,female
04514A35.jpg,female
02133A25.jpg,female
05819A45.jpg,female
06913A63.jpg,female
08126A14.jpg,male
10692A37.jpg,male
05512A42.jpg,female
11497A44.jpg,male
01828A24.jpg,female
08477A21.jpg,male
07367A80.jpg,female
12451A56.jpg,male
11468A43.jpg,male
03799A32.jpg,female
07886A10.jpg,male
04901A38.jpg,female
10019A33.jpg,male
09145A28.jpg,male
07145A69.jpg,female
06729A59.jpg,female
05617A43.jpg,female
07470A03.jpg,male
07542A04.jpg,male
00489A09.jpg,female
11783A47.jpg,male
04002A33.jpg,female
12410A55.jpg,male
03587A31.jpg,female
08398A19.jpg,male
03041A28.jpg,female
04125A33.jpg,female
02741A27.jpg,female
11455A43.jpg,male
07923A11.jpg,male
03035A28.jpg,female
07705A07.jpg,male
03867A32.jpg,female
06145A48.jpg,female
09583A31.jpg,male
10931A38.jpg,male
07220A73.jpg,female
04893A37.jpg,female
11786A47.jpg,male
07862A09.jpg,male
10365A35.jpg,male
11325A42.jpg,male
00416A08.jpg,female
12711A60.jpg,male
04180A33.jpg,female
03726A31.jpg,female
01775A23.jpg,female
06035A47.jpg,female
12656A59.jpg,male
00686A12.jpg,female
01221A19.jpg,female
13209A76.jpg,male
05879A45.jpg,female
05700A43.jpg,female
08299A18.jpg,male
03494A30.jpg,female
11461A43.jpg,male
05030A39.jpg,female
11848A47.jpg,male
09849A32.jpg,male
10111A33.jpg,male
12096A51.jpg,male
02963A28.jpg,female
07184A71.jpg,female
07791A08.jpg,male
13093A72.jpg,male
00786A13.jpg,female
08612A23.jpg,male
07462A02.jpg,male
03373A29.jpg,female
07120A69.jpg,female
08808A25.jpg,male
05878A45.jpg,female
12667A59.jpg,male
12364A55.jpg,male
10186A34.jpg,male
02960A28.jpg,female
01041A17.jpg,female
02271A26.jpg,female
04252A34.jpg,female
11099A40.jpg,male
00317A06.jpg,female
09528A30.jpg,male
07069A67.jpg,female
09558A31.jpg,male
04696A36.jpg,female
05945A46.jpg,female
05228A40.jpg,female
09908A32.jpg,male
02697A27.jpg,female
08248A17.jpg,male
11904A48.jpg,male
09572A31.jpg,male
08993A27.jpg,male
09875A32.jpg,male
08680A24.jpg,male
11161A41.jpg,male
02012A24.jpg,female
01592A22.jpg,female
09829A32.jpg,male
00634A11.jpg,female
08153A15.jpg,male
04033A33.jpg,female
00185A04.jpg,female
02811A27.jpg,female
12566A57.jpg,male
10161A34.jpg,male
08798A25.jpg,male
13290A79.jpg,male
08503A22.jpg,male
07807A08.jpg,male
06376A52.jpg,female
07856A09.jpg,male
09582A31.jpg,male
11912A48.jpg,male
01361A20.jpg,female
08707A24.jpg,male
04444A35.jpg,female
08539A22.jpg,male
12366A55.jpg,male
09662A31.jpg,male
04264A34.jpg,female
01389A21.jpg,female
04269A34.jpg,female
10141A33.jpg,male
02112A25.jpg,female
06441A53.jpg,female
02351A26.jpg,female
02589A27.jpg,female
05961A46.jpg,female
05534A42.jpg,female
07924A11.jpg,male
08565A22.jpg,male
11068A40.jpg,male
06136A48.jpg,female
02343A26.jpg,female
04552A35.jpg,female
03355A29.jpg,female
13049A70.jpg,male
08816A25.jpg,male
05062A39.jpg,female
06658A57.jpg,female
09391A29.jpg,male
07457A02.jpg,male
06878A62.jpg,female
04008A33.jpg,female
11060A40.jpg,male
03227A29.jpg,female
08550A22.jpg,male
03616A31.jpg,female
03408A30.jpg,female
10172A34.jpg,male
07605A05.jpg,male
05639A43.jpg,female
09605A31.jpg,male
04866A37.jpg,female
10058A33.jpg,male
09994A33.jpg,male
10690A37.jpg,male
05446A41.jpg,female
07095A68.jpg,female
07597A05.jpg,male
05772A44.jpg,female
07817A08.jpg,male
05292A40.jpg,female
04368A34.jpg,female
11611A45.jpg,male
13069A71.jpg,male
03211A29.jpg,female
04244A34.jpg,female
04805A37.jpg,female
03672A31.jpg,female
01973A24.jpg,female
11134A40.jpg,male
09901A32.jpg,male
07654A06.jpg,male
05296A40.jpg,female
13173A75.jpg,male
12084A50.jpg,male
00901A15.jpg,female
09442A30.jpg,male
04810A37.jpg,female
09977A33.jpg,male
08182A15.jpg,male
11215A41.jpg,male
08149A15.jpg,male
04949A38.jpg,female
09943A33.jpg,male
04308A34.jpg,female
00015A02.jpg,female
06752A59.jpg,female
08774A25.jpg,male
00003A02.jpg,female
09706A31.jpg,male
06726A59.jpg,female
02415A26.jpg,female
06124A48.jpg,female
05888A45.jpg,female
01261A20.jpg,female
06345A51.jpg,female
00605A10.jpg,female
04343A34.jpg,female
01541A22.jpg,female
09291A29.jpg,male
05370A41.jpg,female
07480A03.jpg,male
01825A24.jpg,female
10629A36.jpg,male
03806A32.jpg,female
00726A13.jpg,female
13102A73.jpg,male
07169A70.jpg,female
00242A05.jpg,female
12216A52.jpg,male
04697A36.jpg,female
12465A56.jpg,male
02464A26.jpg,female
02521A26.jpg,female
01820A23.jpg,female
01106A18.jpg,female
12921A66.jpg,male
13001A68.jpg,male
02518A26.jpg,female
01236A19.jpg,female
00834A14.jpg,female
10761A37.jpg,male
10590A36.jpg,male
08373A19.jpg,male
09224A29.jpg,male
12590A58.jpg,male
00734A13.jpg,female
01942A24.jpg,female
11393A43.jpg,male
00111A03.jpg,female
12815A63.jpg,male
00206A04.jpg,female
00741A13.jpg,female
10615A36.jpg,male
10623A36.jpg,male
00466A08.jpg,female
05156A39.jpg,female
03133A28.jpg,female
13117A73.jpg,male
11306A42.jpg,male
00488A09.jpg,female
04641A36.jpg,female
09847A32.jpg,male
01544A22.jpg,female
12580A57.jpg,male
04179A33.jpg,female
08941A27.jpg,male
10207A34.jpg,male
12113A51.jpg,male
00853A14.jpg,female
01581A22.jpg,female
06837A61.jpg,female
03254A29.jpg,female
00168A04.jpg,female
07552A04.jpg,male
04424A35.jpg,female
09612A31.jpg,male
08287A17.jpg,male
09407A29.jpg,male
10908A38.jpg,male
02089A25.jpg,female
07343A79.jpg,female
05813A44.jpg,female
10977A39.jpg,male
02727A27.jpg,female
08148A15.jpg,male
06783A60.jpg,female
10675A37.jpg,male
10203A34.jpg,male
00455A08.jpg,female
12986A68.jpg,male
09657A31.jpg,male
00308A06.jpg,female
12306A54.jpg,male
12882A64.jpg,male
04472A35.jpg,female
04585A36.jpg,female
07079A68.jpg,female
02354A26.jpg,female
10974A39.jpg,male
09457A30.jpg,male
00084A03.jpg,female
12715A60.jpg,male
07803A08.jpg,male
02353A26.jpg,female
06232A49.jpg,female
03208A29.jpg,female
04945A38.jpg,female
04650A36.jpg,female
06331A51.jpg,female
04919A38.jpg,female
13252A78.jpg,male
08553A22.jpg,male
13175A75.jpg,male
00203A04.jpg,female
09111A28.jpg,male
02646A27.jpg,female
00140A03.jpg,female
01032A17.jpg,female
06310A51.jpg,female
10638A36.jpg,male
05658A43.jpg,female
12574A57.jpg,male
04286A34.jpg,female
10275A34.jpg,male
09076A28.jpg,male
05044A39.jpg,female
12911A66.jpg,male
09958A33.jpg,male
06253A50.jpg,female
08021A12.jpg,male
13296A80.jpg,male
08441A20.jpg,male
06490A54.jpg,female
08079A13.jpg,male
08474A21.jpg,male
12775A61.jpg,male
12735A61.jpg,male
11459A43.jpg,male
11188A41.jpg,male
11695A45.jpg,male
05887A45.jpg,female
01449A21.jpg,female
08937A27.jpg,male
07412A02.jpg,male
05787A44.jpg,female
10036A33.jpg,male
10067A33.jpg,male
01654A22.jpg,female
04770A37.jpg,female
06396A52.jpg,female
08883A26.jpg,male
06075A47.jpg,female
12800A62.jpg,male
12259A53.jpg,male
04193A33.jpg,female
13313A80.jpg,male
09161A28.jpg,male
05467A42.jpg,female
01976A24.jpg,female
06697A58.jpg,female
08016A12.jpg,male
08529A22.jpg,male
04853A37.jpg,female
13017A69.jpg,male
06796A60.jpg,female
13260A78.jpg,male
10062A33.jpg,male
00104A03.jpg,female
00230A05.jpg,female
00473A09.jpg,female
12644A59.jpg,male
07957A11.jpg,male
04440A35.jpg,female
11117A40.jpg,male
01024A17.jpg,female
04695A36.jpg,female
01655A22.jpg,female
05740A44.jpg,female
05958A46.jpg,female
07554A04.jpg,male
08059A13.jpg,male
11528A44.jpg,male
13178A75.jpg,male
10522A36.jpg,male
07827A09.jpg,male
08947A27.jpg,male
07254A75.jpg,female
09209A28.jpg,male
00957A16.jpg,female
06936A64.jpg,female
10246A34.jpg,male
07938A11.jpg,male
03994A32.jpg,female
07345A79.jpg,female
12469A56.jpg,male
10694A37.jpg,male
09106A28.jpg,male
11773A47.jpg,male
02752A27.jpg,female
13094A72.jpg,male
10209A34.jpg,male
08919A26.jpg,male
01322A20.jpg,female
09141A28.jpg,male
03297A29.jpg,female
04488A35.jpg,female
02457A26.jpg,female
00068A02.jpg,female
12927A66.jpg,male
11638A45.jpg,male
10402A35.jpg,male
05641A43.jpg,female
07559A04.jpg,male
12121A51.jpg,male
10381A35.jpg,male
04382A34.jpg,female
08790A25.jpg,male
06214A49.jpg,female
01117A18.jpg,female
00066A02.jpg,female
07404A02.jpg,male
06616A56.jpg,female
04543A35.jpg,female
01260A20.jpg,female
01341A20.jpg,female
02665A27.jpg,female
06209A49.jpg,female
10465A35.jpg,male
10859A38.jpg,male
08176A15.jpg,male
11111A40.jpg,male
07700A07.jpg,male
09556A31.jpg,male
03615A31.jpg,female
03680A31.jpg,female
07650A06.jpg,male
10135A33.jpg,male
13118A73.jpg,male
02183A25.jpg,female
00018A02.jpg,female
03255A29.jpg,female
00858A14.jpg,female
11508A44.jpg,male
04166A33.jpg,female
06248A50.jpg,female
05279A40.jpg,female
12362A55.jpg,male
04190A33.jpg,female
07102A68.jpg,female
01657A22.jpg,female
01395A21.jpg,female
04557A35.jpg,female
08204A16.jpg,male
07836A09.jpg,male
08556A22.jpg,male
00024A02.jpg,female
11796A47.jpg,male
05391A41.jpg,female
05095A39.jpg,female
04389A35.jpg,female
03195A29.jpg,female
06559A56.jpg,female
04483A35.jpg,female
06715A59.jpg,female
07768A08.jpg,male
00451A08.jpg,female
09890A32.jpg,male
08094A13.jpg,male
12556A57.jpg,male
01436A21.jpg,female
07834A09.jpg,male
07690A06.jpg,male
00075A03.jpg,female
07790A08.jpg,male
07530A04.jpg,male
02238A26.jpg,female
06635A57.jpg,female
07899A10.jpg,male
09838A32.jpg,male
02391A26.jpg,female
12563A57.jpg,male
13018A69.jpg,male
12860A63.jpg,male
11787A47.jpg,male
11682A45.jpg,male
13174A75.jpg,male
12490A56.jpg,male
06935A64.jpg,female
05716A43.jpg,female
01318A20.jpg,female
01543A22.jpg,female
02157A25.jpg,female
06883A62.jpg,female
11322A42.jpg,male
02151A25.jpg,female
08041A13.jpg,male
04748A37.jpg,female
13130A73.jpg,male
07394A02.jpg,male
04942A38.jpg,female
01617A22.jpg,female
09651A31.jpg,male
05843A45.jpg,female
12845A63.jpg,male
10999A39.jpg,male
03188A29.jpg,female
11308A42.jpg,male
03436A30.jpg,female
02605A27.jpg,female
12907A65.jpg,male
09599A31.jpg,male
08413A20.jpg,male
09319A29.jpg,male
03406A30.jpg,female
11053A40.jpg,male
08364A19.jpg,male
13129A73.jpg,male
10486A36.jpg,male
04969A38.jpg,female
12605A58.jpg,male
00701A12.jpg,female
06138A48.jpg,female
07537A04.jpg,male
07841A09.jpg,male
12742A61.jpg,male
01734A23.jpg,female
10721A37.jpg,male
12011A49.jpg,male
07298A77.jpg,female
07077A68.jpg,female
10731A37.jpg,male
11914A48.jpg,male
04337A34.jpg,female
00300A06.jpg,female
00182A04.jpg,female
10240A34.jpg,male
11696A45.jpg,male
09164A28.jpg,male
01754A23.jpg,female
08647A23.jpg,male
01245A19.jpg,female
00005A02.jpg,female
11707A46.jpg,male
05017A38.jpg,female
12991A68.jpg,male
00008A02.jpg,female
01439A21.jpg,female
04505A35.jpg,female
09365A29.jpg,male
07196A71.jpg,female
05950A46.jpg,female
02459A26.jpg,female
08120A14.jpg,male
10115A33.jpg,male
00423A08.jpg,female
11676A45.jpg,male
11398A43.jpg,male
06483A54.jpg,female
02336A26.jpg,female
05179A40.jpg,female
04565A35.jpg,female
03016A28.jpg,female
11712A46.jpg,male
10437A35.jpg,male
07867A09.jpg,male
00452A08.jpg,female
06114A48.jpg,female
03950A32.jpg,female
08105A14.jpg,male
11182A41.jpg,male
02332A26.jpg,female
08118A14.jpg,male
07078A68.jpg,female
00719A13.jpg,female
10773A37.jpg,male
07702A07.jpg,male
04102A33.jpg,female
07969A11.jpg,male
09907A32.jpg,male
12612A58.jpg,male
11051A40.jpg,male
11474A43.jpg,male
06154A48.jpg,female
05221A40.jpg,female
08211A16.jpg,male
06442A53.jpg,female
06268A50.jpg,female
02339A26.jpg,female
09675A31.jpg,male
08250A17.jpg,male
09765A32.jpg,male
10149A34.jpg,male
09871A32.jpg,male
01118A18.jpg,female
00026A02.jpg,female
08007A12.jpg,male
00750A13.jpg,female
04616A36.jpg,female
10852A38.jpg,male
04042A33.jpg,female
03876A32.jpg,female
08315A18.jpg,male
08536A22.jpg,male
04663A36.jpg,female
05337A41.jpg,female
10375A35.jpg,male
06553A55.jpg,female
00464A08.jpg,female
12253A53.jpg,male
01758A23.jpg,female
00506A09.jpg,female
00001A02.jpg,female
09501A30.jpg,male
07263A76.jpg,female
12377A55.jpg,male
00514A09.jpg,female
10075A33.jpg,male
06420A53.jpg,female
02445A26.jpg,female
05118A39.jpg,female
02409A26.jpg,female
10526A36.jpg,male
01483A21.jpg,female
02542A27.jpg,female
07751A07.jpg,male
10719A37.jpg,male
12312A54.jpg,male
04441A35.jpg,female
08690A24.jpg,male
05816A44.jpg,female
10289A34.jpg,male
02163A25.jpg,female
10403A35.jpg,male
01890A24.jpg,female
00764A13.jpg,female
11831A47.jpg,male
07533A04.jpg,male
04858A37.jpg,female
09507A30.jpg,male
07906A10.jpg,male
09446A30.jpg,male
05211A40.jpg,female
02783A27.jpg,female
03187A29.jpg,female
03987A32.jpg,female
10794A37.jpg,male
07016A66.jpg,female
02085A25.jpg,female
03013A28.jpg,female
13321A80.jpg,male
09629A31.jpg,male
05033A39.jpg,female
00952A16.jpg,female
10450A35.jpg,male
12948A67.jpg,male
04954A38.jpg,female
02938A28.jpg,female
09287A29.jpg,male
08292A18.jpg,male
07460A02.jpg,male
12275A53.jpg,male
06206A49.jpg,female
06808A60.jpg,female
07683A06.jpg,male
13021A69.jpg,male
00245A05.jpg,female
11800A47.jpg,male
02695A27.jpg,female
13122A73.jpg,male
02026A25.jpg,female
02095A25.jpg,female
02548A27.jpg,female
12899A65.jpg,male
03719A31.jpg,female
03465A30.jpg,female
08752A25.jpg,male
13111A73.jpg,male
09853A32.jpg,male
00386A07.jpg,female
08810A25.jpg,male
09684A31.jpg,male
07984A12.jpg,male
01059A17.jpg,female
12984A68.jpg,male
06333A51.jpg,female
09865A32.jpg,male
02940A28.jpg,female
00233A05.jpg,female
02481A26.jpg,female
12194A52.jpg,male
01279A20.jpg,female
09604A31.jpg,male
01645A22.jpg,female
03422A30.jpg,female
08394A19.jpg,male
03888A32.jpg,female
02833A27.jpg,female
00704A12.jpg,female
07729A07.jpg,male
00329A06.jpg,female
08996A27.jpg,male
03933A32.jpg,female
02213A26.jpg,female
10431A35.jpg,male
01633A22.jpg,female
11069A40.jpg,male
08448A20.jpg,male
05266A40.jpg,female
04662A36.jpg,female
01925A24.jpg,female
07475A03.jpg,male
06320A51.jpg,female
03710A31.jpg,female
12834A63.jpg,male
06283A50.jpg,female
05941A46.jpg,female
00651A11.jpg,female
10691A37.jpg,male
02637A27.jpg,female
12357A55.jpg,male
08745A24.jpg,male
05791A44.jpg,female
07546A04.jpg,male
01425A21.jpg,female
01547A22.jpg,female
07521A04.jpg,male
02768A27.jpg,female
06137A48.jpg,female
04910A38.jpg,female
01107A18.jpg,female
10647A36.jpg,male
10452A35.jpg,male
02890A28.jpg,female
04395A35.jpg,female
09664A31.jpg,male
12631A59.jpg,male
08527A22.jpg,male
08359A19.jpg,male
04653A36.jpg,female
01065A17.jpg,female
05265A40.jpg,female
11309A42.jpg,male
07941A11.jpg,male
12896A65.jpg,male
12227A53.jpg,male
07127A69.jpg,female
01334A20.jpg,female
01924A24.jpg,female
10212A34.jpg,male
02600A27.jpg,female
05741A44.jpg,female
08281A17.jpg,male
03056A28.jpg,female
01692A23.jpg,female
08963A27.jpg,male
09119A28.jpg,male
00614A11.jpg,female
11561A44.jpg,male
03218A29.jpg,female
11115A40.jpg,male
02939A28.jpg,female
04446A35.jpg,female
11594A45.jpg,male
12151A52.jpg,male
12497A56.jpg,male
09285A29.jpg,male
11840A47.jpg,male
03418A30.jpg,female
06843A61.jpg,female
10917A38.jpg,male
03968A32.jpg,female
03291A29.jpg,female
09731A32.jpg,male
08764A25.jpg,male
12792A62.jpg,male
00268A05.jpg,female
10803A37.jpg,male
11950A49.jpg,male
09598A31.jpg,male
11205A41.jpg,male
07025A66.jpg,female
04210A34.jpg,female
05428A41.jpg,female
07759A08.jpg,male
10886A38.jpg,male
10079A33.jpg,male
00476A09.jpg,female
12830A63.jpg,male
07756A07.jpg,male
11613A45.jpg,male
05622A43.jpg,female
12145A51.jpg,male
07326A78.jpg,female
08610A23.jpg,male
05931A46.jpg,female
01849A24.jpg,female
05262A40.jpg,female
02994A28.jpg,female
08065A13.jpg,male
05445A41.jpg,female
11401A43.jpg,male
00294A06.jpg,female
07885A10.jpg,male
06738A59.jpg,female
08331A18.jpg,male
01349A20.jpg,female
10805A37.jpg,male
06004A46.jpg,female
06307A50.jpg,female
12748A61.jpg,male
05462A42.jpg,female
06690A58.jpg,female
10492A36.jpg,male
08244A17.jpg,male
06099A47.jpg,female
10970A39.jpg,male
04317A34.jpg,female
05642A43.jpg,female
10032A33.jpg,male
11960A49.jpg,male
09232A29.jpg,male
12678A60.jpg,male
11512A44.jpg,male
06906A63.jpg,female
11677A45.jpg,male
07354A79.jpg,female
09749A32.jpg,male
05822A45.jpg,female
07029A66.jpg,female
06588A56.jpg,female
09929A33.jpg,male
11529A44.jpg,male
11790A47.jpg,male
06236A50.jpg,female
06224A49.jpg,female
08044A13.jpg,male
02817A27.jpg,female
08783A25.jpg,male
02326A26.jpg,female
08911A26.jpg,male
08103A13.jpg,male
00566A10.jpg,female
00568A10.jpg,female
12641A59.jpg,male
00752A13.jpg,female
12833A63.jpg,male
03210A29.jpg,female
08496A22.jpg,male
00209A04.jpg,female
00732A13.jpg,female
01420A21.jpg,female
11304A42.jpg,male
08431A20.jpg,male
08351A19.jpg,male
02467A26.jpg,female
09499A30.jpg,male
07527A04.jpg,male
02870A27.jpg,female
10090A33.jpg,male
02051A25.jpg,female
11082A40.jpg,male
11072A40.jpg,male
05968A46.jpg,female
05698A43.jpg,female
09131A28.jpg,male
07402A02.jpg,male
12399A55.jpg,male
08551A22.jpg,male
06064A47.jpg,female
05148A39.jpg,female
04825A37.jpg,female
02723A27.jpg,female
12456A56.jpg,male
07561A04.jpg,male
09783A32.jpg,male
03708A31.jpg,female
10007A33.jpg,male
11885A48.jpg,male
07986A12.jpg,male
06180A49.jpg,female
11836A47.jpg,male
06348A51.jpg,female
12282A53.jpg,male
11663A45.jpg,male
06473A54.jpg,female
12066A50.jpg,male
00789A13.jpg,female
01953A24.jpg,female
01854A24.jpg,female
09976A33.jpg,male
11288A42.jpg,male
12852A63.jpg,male
10679A37.jpg,male
00505A09.jpg,female
03560A30.jpg,female
11273A41.jpg,male
06294A50.jpg,female
09870A32.jpg,male
07140A69.jpg,female
11644A45.jpg,male
11537A44.jpg,male
10011A33.jpg,male
03075A28.jpg,female
00538A09.jpg,female
06228A49.jpg,female
08164A15.jpg,male
00564A10.jpg,female
09304A29.jpg,male
00027A02.jpg,female
09915A32.jpg,male
11223A41.jpg,male
01463A21.jpg,female
05004A38.jpg,female
01154A18.jpg,female
09176A28.jpg,male
03541A30.jpg,female
06083A47.jpg,female
02239A26.jpg,female
00014A02.jpg,female
01189A19.jpg,female
10423A35.jpg,male
01328A20.jpg,female
05886A45.jpg,female
12928A66.jpg,male
11102A40.jpg,male
11254A41.jpg,male
06500A54.jpg,female
08325A18.jpg,male
09308A29.jpg,male
05721A43.jpg,female
02956A28.jpg,female
03724A31.jpg,female
08899A26.jpg,male
06924A63.jpg,female
01779A23.jpg,female
04754A37.jpg,female
10906A38.jpg,male
11204A41.jpg,male
01138A18.jpg,female
08076A13.jpg,male
07549A04.jpg,male
08644A23.jpg,male
12268A53.jpg,male
07815A08.jpg,male
02282A26.jpg,female
08285A17.jpg,male
05399A41.jpg,female
10273A34.jpg,male
08206A16.jpg,male
09497A30.jpg,male
02304A26.jpg,female
03571A31.jpg,female
06233A50.jpg,female
10650A36.jpg,male
12292A54.jpg,male
01637A22.jpg,female
08170A15.jpg,male
04106A33.jpg,female
10125A33.jpg,male
11580A45.jpg,male
01917A24.jpg,female
04463A35.jpg,female
02287A26.jpg,female
04120A33.jpg,female
12159A52.jpg,male
11603A45.jpg,male
07996A12.jpg,male
07795A08.jpg,male
00210A04.jpg,female
09643A31.jpg,male
09986A33.jpg,male
12671A59.jpg,male
02527A27.jpg,female
03239A29.jpg,female
06971A65.jpg,female
04881A37.jpg,female
03467A30.jpg,female
03084A28.jpg,female
10983A39.jpg,male
03333A29.jpg,female
09517A30.jpg,male
05799A44.jpg,female
07830A09.jpg,male
05070A39.jpg,female
09130A28.jpg,male
12957A67.jpg,male
11661A45.jpg,male
07541A04.jpg,male
05533A42.jpg,female
02876A27.jpg,female
11284A42.jpg,male
05599A43.jpg,female
06379A52.jpg,female
10021A33.jpg,male
08904A26.jpg,male
08369A19.jpg,male
05385A41.jpg,female
11333A42.jpg,male
00641A11.jpg,female
05286A40.jpg,female
12759A61.jpg,male
03180A29.jpg,female
08138A14.jpg,male
11485A43.jpg,male
08081A13.jpg,male
00382A07.jpg,female
04253A34.jpg,female
07655A06.jpg,male
09364A29.jpg,male
04268A34.jpg,female
12996A68.jpg,male
04393A35.jpg,female
02031A25.jpg,female
08317A18.jpg,male
04983A38.jpg,female
03958A32.jpg,female
10902A38.jpg,male
09239A29.jpg,male
07577A05.jpg,male
11633A45.jpg,male
10485A36.jpg,male
10680A37.jpg,male
01728A23.jpg,female
12651A59.jpg,male
06664A57.jpg,female
02908A28.jpg,female
02006A24.jpg,female
06830A61.jpg,female
08112A14.jpg,male
08430A20.jpg,male
05713A43.jpg,female
03456A30.jpg,female
08237A16.jpg,male
09797A32.jpg,male
01140A18.jpg,female
11301A42.jpg,male
09243A29.jpg,male
08600A23.jpg,male
10529A36.jpg,male
10342A35.jpg,male
01901A24.jpg,female
07985A12.jpg,male
08618A23.jpg,male
12532A57.jpg,male
04716A36.jpg,female
05212A40.jpg,female
03106A28.jpg,female
03105A28.jpg,female
02677A27.jpg,female
12630A59.jpg,male
12706A60.jpg,male
07231A74.jpg,female
00436A08.jpg,female
04572A36.jpg,female
10286A34.jpg,male
09775A32.jpg,male
01362A20.jpg,female
05407A41.jpg,female
12092A51.jpg,male
01691A23.jpg,female
12530A57.jpg,male
09152A28.jpg,male
09113A28.jpg,male
10297A34.jpg,male
06194A49.jpg,female
08794A25.jpg,male
04973A38.jpg,female
11249A41.jpg,male
02486A26.jpg,female
06360A51.jpg,female
10673A37.jpg,male
08397A19.jpg,male
00684A12.jpg,female
11202A41.jpg,male
00597A10.jpg,female
04121A33.jpg,female
12291A54.jpg,male
03151A29.jpg,female
02431A26.jpg,female
10234A34.jpg,male
03985A32.jpg,female
11762A46.jpg,male
02744A27.jpg,female
00884A15.jpg,female
11255A41.jpg,male
01773A23.jpg,female
04029A33.jpg,female
07812A08.jpg,male
01036A17.jpg,female
04036A33.jpg,female
10272A34.jpg,male
01988A24.jpg,female
12305A54.jpg,male
11563A44.jpg,male
11028A39.jpg,male
02285A26.jpg,female
03062A28.jpg,female
03453A30.jpg,female
04097A33.jpg,female
12595A58.jpg,male
01959A24.jpg,female
01560A22.jpg,female
05681A43.jpg,female
11656A45.jpg,male
12294A54.jpg,male
09628A31.jpg,male
04199A33.jpg,female
12794A62.jpg,male
01600A22.jpg,female
08791A25.jpg,male
07890A10.jpg,male
07868A09.jpg,male
09001A27.jpg,male
13106A73.jpg,male
06778A60.jpg,female
07873A09.jpg,male
03384A29.jpg,female
08110A14.jpg,male
11697A45.jpg,male
08768A25.jpg,male
06952A64.jpg,female
06071A47.jpg,female
12006A49.jpg,male
06650A57.jpg,female
05891A45.jpg,female
09448A30.jpg,male
13224A77.jpg,male
10433A35.jpg,male
08991A27.jpg,male
05480A42.jpg,female
12154A52.jpg,male
03902A32.jpg,female
01102A18.jpg,female
09368A29.jpg,male
02264A26.jpg,female
05060A39.jpg,female
10661A37.jpg,male
02606A27.jpg,female
10836A38.jpg,male
09173A28.jpg,male
12229A53.jpg,male
08003A12.jpg,male
01796A23.jpg,female
08632A23.jpg,male
11178A41.jpg,male
10475A35.jpg,male
05099A39.jpg,female
07783A08.jpg,male
03311A29.jpg,female
07806A08.jpg,male
03335A29.jpg,female
09169A28.jpg,male
01958A24.jpg,female
07726A07.jpg,male
07236A74.jpg,female
07076A68.jpg,female
06269A50.jpg,female
12958A67.jpg,male
06791A60.jpg,female
04276A34.jpg,female
07995A12.jpg,male
10023A33.jpg,male
09392A29.jpg,male
03732A31.jpg,female
02422A26.jpg,female
11823A47.jpg,male
11389A43.jpg,male
00731A13.jpg,female
11245A41.jpg,male
